id,translation.pbb,translation.spa
1543,jyuca,todo (adj)
272,caaimi'a'j,dar a la hija en casamiento (v.t)
640,cjīij chwa',sombrero de hoja de caña
489,cdeeje'j-,adormecer (v.t)
3277,vitywe'sh,ser sobrenatural (m)
2324,puīini,pelea (f)
189,ayuy,por acá
587,"cjaavi'ji-, cutyj shande-",desgranar (maíz) (v.t)
108,anzh-,pelar los dientes (perro) (v.i)
57,aj,lugar (m)
3725,zits,huevo (m)
2678,sñula-,salir mazorcas (v.i)
2951,tundte,rato (adv)
1382,īts-,cocer (hervir un líquido) (v.i)
2000,"pajnde-, (rep) pandende-",zafar (v.t)
782,"ctejca-, uycjẽw-",atravesar (pasar de un lado a otro) (v.t)
1273,fyutsute-,desarmar (v.i)
847,cumby ya'ja,jigra de tejido flojo
3274,vitvite,uno tras otro
3256,vit vite,uno tras otro
1887,nyafytewe'sh,primero (m)
2758,"tacj-, pũ'tyj-",comenzar (v.t)
999,cyuupj-,encerrar (v.t)
1054,dyij yuunī,hechicería (f)
699,cmeemu'j-,hacer cantar (v.t)
3271,vitu-,echar a perder (v.t)
1717,naa,"este, esta, esto (pron.dem)"
606,"cjas shunde-, cjaasu'j",cardar (lana) (v.t)
1139,"ẽse-, (rep) ẽse'se-",moverse (v.r)
2336,pund-,hilar (v.t)
3765,v'ite iamuwa' hi'pmesa,lo que otra persona no puede apoderarse
1380,i'sutj,honda (f)
3055,tywete-,soltar (v.t)
678,claa luuch,becerro (m)
2220,pinzú,aliso (árbol) (m)
2662,sinzha-,cinchar (v.t)
1639,"manzcuẽe, manz manz, nanzcuẽ","unos cuantos, pocos (pl)"
2105,peetje-,dar sabor (v.i)
3609,yu' susũu-,escurrir (v.t)
1640,masaī-,amasar (v.t)
3608,yu' caaj-,regar (agua) (v.t)
1831,"nus en, nus pa'ja en",invierno (m)
2407,pytjaa yajcy-,sentir pesar (v.t)
2705,-su,por (a través) (prep)
1168,etste pa'ya-,pasar lista (v.t)
1439,ji'pju-,contener (v.t)
1582,"le'chi-, tuwúu-",mermar (v.i)
3094,"ujcha-, pjate-, pjatete-",rajarse (v.i)
632,cjẽetee,boca arriba (adv)
2607,"shinde-, (rep) shinde'nde-",erizar (v.t)
2945,tund,atado (m)
3691,yuuwe,delito (m)
855,"cupe, tyi'fy",lechuza (ave nocturna) (f)
1249,fynu,sitio abandonado (m)
425,canzh,feo (adj)
1809,nmejtewe'sh,postrero (adj)
3166,uswa'l,chachafruto (árbol) (m)
1130,e'nzīi,ambos (adj.pl)
1349,infiernu,infierno (m)
1211,findy,coyuntura (f)
3653,yup-,atajar (v.t)
2777,ta'ngu,vuelta (recodo del canino) (f)
1769,"neeniisa, iicjala",ahijada (f)
1942,ora,hora (f)
600,cjãp,fétido (adj)
3360,wa'ty- (wa'cy-),picar (víboras) (v.t)
947,cweejya'j-,aventar (v.t)
2557,se'w-,insertar (v.t)
297,caapcjaacje'j-,hacer reunirse (v.t)
628,cjavy,grano (semilla) (m)
2432,quīj yujva,nada (pron.indef)
2443,qui'na,chorro (m)
1362,"ipy quityãa-, ñiñi-",prender (candela) (v.i)
340,caastyaja'j-,amansar (v.t)
237,bush,andamio (m)
1963,pãatyjī'cj-,quejarse (presentar queja) (v.t)
2884,tsep,planchudo (adj)
2816,teepjute-,dar volteretas (v.i)
103,andyi'j-,secar (v.t)
3670,yutjãa,soplador (m)
2541,seena' wala,muchísimo
3434,"wendy-, peeygãj-",asar (v.t)
3510,yafy dyus,niña del ojo (f)
2433,quījva,algo (pron)
536,chinda pẽtyj,empeine (m)
1751,nchi'c,hijo (m)
1265,fytũu watse,raíz de árbol
698,cmbu'mbu'j-,hacer zumbar (v.t)
528,chijme yuuni,pálido (adj)
1393,ja'll-,estregar (v.t)
1075,"eca, ecate",afuera (adv)
1129,"enzh, shul'",aguado (adj)
1053,dyij yuuni,brujería (f)
1694,"mtee, mgaa","donde, adonde, ¿dónde?, ¿adonde? (adv)"
1120,en,tiempo (m)
3016,tyacjuey,tamaño (m)
1612,luuch icjsa,infanticida (f)
1479,"jya'ndy-, (rep) jya'ndyi'ndyi-",palpar (v.t)
497,chacha,viche (adj)
2427,quīitsju-,inclinar (la cabeza) (v.r)
1516,jypumba-,equivocarse (v.r)
2115,peeygãj-,compadecer (v.t)
1015,deewẽje-,tener sueño (v.i)
3059,tyweyni,vendido (p.p)
182,"avy-, (rep) avytjetj-",escupir (v.t)
2345,"pu'quis-, (rep) pu'quisu's-",alzar (a otro con la mano) (v.t)
197,bajts,fique (m)
75,ajtsajtse,"desprecio, con desprecio (m)"
1731,nasa icjsa,homicida (adj)
1987,pacjẽ,trama (hilo horizontal del telar) (f)
3516,yafyte vyaasamẽe,invisible (adj)
482,"cchill wala, chill wala",machete (m)
2500,-rrãa,solo (adj)
2963,tupjãa-,humedecer (v.t)
1669,meshish,hongo (m)
1742,nasa yuwe,páez (idioma) (m)
1879,nwe'wesa,salvador (m)
1415,jīi vit-,redimir (v.t)
3129,u'p-,estar (v.i)
1386,"ītyī fi'nzeni, ītyī fi'nzewa'j, fi'nzeni , fi'nzewa'j",vida (f)
2590,shba'mb,carne espumosa
2043,pcamb-,regar (cosa molida)
2680,spãash-,descargar (v.t)
1092,ẽeīi cus,temprano en la noche
286,"caanishi'j-, cniishi'j-",engordar (v.t)
1776,neewe'weni,encomienda (f)
3009,"tyãawe'sh, cyãawe'sh","su, sus (de ellos, ellas)"
3173,utse tash,mata de aguacate
584,"cielu, ẽe tsẽy",cielo (m)
1096,eena',atento (adj)
3404,wej,puente (m)
2693,spiina'sa,brea (f)
1136,e'scjẽ,detrás (adv)
3519,ya'iweech-,ser burlado (v.i)
3492,yacj,con (prep: indica acompañamiento)
2119,pejca,realmente (adv)
663,cjuẽs,juez (autoridad) (m)
2508,"sa'j-, jysa'j-, iisa'j-",bajarse (v.r)
936,cvis-,provocar (v.t)
1852,nuypesa-,traer (a través) (v.t)
3533,yajcy-,sentir (v.t)
3112,ul weeswẽe,víbora (f)
1145,e'sh,hipo (m)
3417,wejya,aire (m)
2079,pecu'j,alrededor (adv)
1671,me'sucue,cilantro (m)
3275,vity,puerta (f)
941,cwa'lu'j-,desagradar (v.t)
581,chwa' ets,ala de sombrero (f)
2148,peme'j-,curar olla (v.t)
2953,tundy-,tomar (beber) (v.t)
2981,tutu'tu-,canturrear (v.i)
491,cdeewayi'j-,hacer bostezar (v.t)
1164,etse,frío (m)
2764,"tall (persona), zunz, zunzcuẽ (cosa)",delgado (adj)
1469,jwẽenzh,agüinche (m)
757,cpu'nzesawe'sh,padrinos (de matrimonio) (m.pl)
2471,quītj ej,sembrado de maní (m)
3750,éete Yuwe Dukhsa pkhakhen'i,reunión de vocero(s) o representante(s) de arriba (cámara alta)
2857,tjuc-,estrangular (v.t)
1109,"ejnz, enz en, sec en",verano (m)
169,atsju-,trabar (v.t)
954,cweetj-,alumbrar (v.i)
132,at-,coger (en la mano) (v.t)
3018,tyaj-,construir (v.t.)
703,cna'sa,joven (mujer) (f)
2460,qui'sute,semanalmente
841,"cu'le, sut",recto (adj)
496,cfindũu-,poner travesaño (v.t)
3661,yu'quits,zanjón (m)
2388,puuty ya'tywey-,vender (unos a otros) (v.recip)
3629,yu'cja-,crecer (monte) (v-i)
3788,v'ite c'hab wala kiwehuwe's' akac'hn'ime,sin influencia de ningún extraño
1603,lmushnu,limosna (f)
3102,ũjpa-,estallar (v.i)
2370,"puuts-, sã'ji-",alimentar (v.t)
722,cpaanwe'we-,lograr Intervenir (v.t)
3398,"wẽeshu-, iiwẽeshu-",insultar (v.t)
2163,pesatj,atravesado (p.p)
2152,pendani,tumba (f)
2687,spate-,encogerse (v.r)
525,chijmchijme,blancuzco (adj)
3511,yafy ji'pjmeesa,ciego (adj)
940,cwa'lu'j-,causar pereza (v.t)
1617,"luuch, luuch u'y, wasacuẽ",niña (f)
359,caauycjẽu'j-,hacer pasar por (v.t)
3654,yup-,impedir (v.t)
1310,iipyãani,celos (m.pl)
3167,ũsya' neeyũu-,prometer (v.t)
3508,yafy cjas,pestaña (f)
3135,upjãa-,cercar (v.t)
2037,payu pjeelu,bayo cariblanco
1932,ñuspa',agradable (a la vista) (adj)
843,cu'le'j-,enderezar (v.t)
3574,yat punza,rincón (m)
2649,"shuuna' ũs-, shuuna' u'p-",estar callado (v.i)
143,a'te,luna (f)
53,afijmb-,tapar (por encima) (v.t)
1244,fycaach-,deshojar (maíz) (v.t)
1874,"nwe'sh, pwe'sh","pariente (m,f)"
2376,puuty tyutẽe-,despedirse (v.r)
3181,uu-,fallecer (v.i)
649,cjlse,catarata (f)
1194,fiesta en,día festivo
2674,"snda'nda-, sndaanda-",sonar (ruido de cascabel) (v.i)
2131,pe'la,trozo (m)
3317,"wagãs, mushca (T)",gente (no indígena)
3046,tyuj,gorrión (ave) (m)
516,"chcande- (shcande-), (rep) chcandende- (shcandende-)",quebrar (v.t)
3490,yacha-,acalorarse (v.r)
3118,umbu-,derramarse (v.r)
3613,"yu'a-, yu'wa-",volverse agua (v.i)
886,cuse watse,tendón (de la mano) (m)
2833,tjame-,tener vergüenza (v.i)
186,aygawe'sh,nativo (adj)
2928,tucjãa-,supurar (v.i)
3101,"ujnza, ulu'j",ratón (m)
833,"cuj, cũj",varios (adj)
1203,fiinze'j-,enfriar (v.t)
2789,"tashu, cjẽcjenaaju",abajo (adv)
2331,pu'jycjẽw-,encontrarse con otro que viene de rumbo opuesto y pasar
242,butswee wajwa,varicela (f)
993,cytũus,arco iris (m)
2201,"pi'cy-, jypi'cy-",convidar (v.t)
629,-cjẽ,"abajo, hacia abajo (adv)"
3733,zuntete-,resplandecer (v.i)
3690,yuuwe,culpa (f)
3191,ũucj yajcy-,atemorizarse (v.r)
766,"cselpi'j-, caaselpi'j",hacer servir (v.t)
2266,pnjī'yacue,tía con sobrino o sobrina
1924,ñusha beca pus,guarapo (fermentado)
3666,"yũsu-, ñusna ũs-",estar triste (v.i)
950,cwẽese'j-,permitir oír (v.t)
1540,jytyunde-,compartir (v.t)
2478,quityj i'tyji-,caer una gotera (v.i)
97,and-,enrollar (v.t)
2647,"shũulape, shuulepja, shũuwa'c, shũuwe'tj, shũuyu'tscavy",yerba medicinal (f)
2848,tjetj-,lavar (ropa) (v.t)
546,chjãchja-,recuperarse (v.r)
3007,"tyaa, yacj, cyaa, yacj",consigo
2049,pchanga,"verbena, escoba babosa (planta) (f)"
383,cacja,caja (f)
488,cdeeje'j-,acostar (v.t)
435,case-,aliviarse (v.r)
3705,yuwe quiis-,levantar chisme (v.t)
661,"cjũcj-, nuyaate-",limpiar (v.t)
1797,niisa nuuchsa,hija menor
822,cuetand,mambe (m)
2916,tsu'vy wee,hidropesía (f)
1574,"lavi'j-, plavi'j-",alisar (v.t)
2403,pyajtse-,dar asco (v.t)
3635,yu'īts,manantial (m)
3503,ya'dycjas,cabelludo (adj)
3227,uwe cu'jni,baile de la boda
884,cuse vijya,índice (dedo) (m)
2558,"sgajnde-, (rep) spandende-",templar (v.t)
2626,shpiipī,pisco (ave) (m)
2543,se'j- (sẽ'j-),fingir (v.t)
2786,tãsh,calcañar (m)
1318,"īishweete, penzhweete",vejez (f)
1315,iisawa'jnimẽe,mostrenco (adj)
2325,puiisã,peleador (m)
1391,iyu-,escapar (v.i)
1877,"nwe'we-, ewte nvijt-",salvar (v.t)
1883,nyafíia',antes (adv)
275,caaiviitu'j-,permitir destruir (v.t)
334,"caase-, jycaase-",descansar (v.i)
3152,ũs quiwe,"lugar habitual, patria (m)"
2489,quiwe mityj,olla de barro
3214,ũuse'se-,jadear (v.i)
3407,"wej, wejcuẽ","poco, poquito (adv)"
3655,yu'pets,vado (m)
970,cyaandu-,rodear (v.t)
1941,ocho,ocho (adj)
739,cpeelu'j-,hacer rodar (v.t)
3351,"wa'ta'j-, wa’ta atyaj-",ensillar (v.t)
2598,shiing-,sentir incapaz (v.i)
2080,pecu'j-,andar de un lugar a otro (v.i)
574,chu'nzhu,cordón (m)
2770,ta'nda,cucarrón (insecto) (m)
2426,quiitj,vertical (adj)
421,cami- (J),mentir (v.t)
3362,"watycue, watycuesa",perezoso (adj)
1441,jiyu-,comprender (v.t)
3060,tyweysá,vendedor (m)
380,cachrra u'p-,estar sentado (v.i)
896,cuspyãj,medianoche (f)
3121,umsã,tejedor (m)
2215,"pil, chinda pil",canilla (f)
3639,"yuju-, tishi-",pararse (v.r)
869,cuse meetjacue,dorso de la mano
3423,we'll,tieso  (adj )
2914,tsu'vy-,hincharse (v.r)
2212,piishãa tjengsa,pastor (m)
1724,nasa,gente (f)
3193,ũucjũucja',peligroso (adj)
1060,dyindy-,afeitar (v.t)
105,"anza, fytũu pagayũ",carpintero (ave) (m)
1696,much,cortado (adj)
185,ã'wala,lucero (m)
1844,nuyfi'nze-,permitir pasar el día (v.t)
1754,nchi'c nuuchsa,hijo menor
1792,niipeetje'j-,perjudicar (v.t)
1199,fīic-,poner sombrero (v.t)
846,cumby,"moján, mojano (ser sobrenatural) (m)"
1961,paatundy-,tomar (participar con otro)
3273,vitu'tu-,corcovear (v.i)
1014,deeway-,bostezar (v.i)
2852,tjẽysa,dificultad (f)
452,"catstende-, catsunde-",descoser (v.t)
2486,quiwe ẽse-,temblar (tierra) (v.i)
3418,wejya,viento (m)
2363,putsu,alfiler (m)
1287,īcy-,regañar (v.t)
2038,pcaaca,tío con sobrino o sobrina
3527,"yaja- (ñaja-), ucje-",chuzar (v.t)
1529,"jytjaas-, wẽje-",desear (v.t)
3028,tyity,barro (m)
2138,pelu-,despeñarse (v.r)
3644,yul ducj-,pagar deuda (v.t)
3226,ũ'wẽ,harina (f)
2182,pẽ'tsjutsj-,rociar (v.t)
2582,shã'shtu'j,tallo de flor de cabuya (m)
82,alcu,perro (m)
2135,"pe'late-, pe'ltete-",despedazarse (v.r)
659,cjũchji'j-,tiznar (v.t)
293,cãapa'j,hacer estallar (v.t)
2411,pyũuscue yaacyni,"rencor, resentimiento (m)"
464,caysã'ja'j-,hacer bajar (v.t)
781,ctejca-,pasar (al otro lado) (v.i)
1246,fychacha,lechero (árbol) (m)
1503,jypa'ga-,acoger (v.t)
741,cpeetya'j-,dejar pegar (v.t)
924,cuw,tumor (m)
3548,ya'nwe'we-,librarse (v.r)
1219,"fi'nzetste, cusutste",por la tarde
2451,quis-,quitar (mover de su lugar) (v.t)
2961,tupite-,hacerse mataduras (v.i)
2637,shũsh-,frotar (v.t)
1689,mjīisa,trabajador (m)
832,cuj yajcy-,vacilar (v.t)
1124,"en ji'pj-, tundu-",tener tiempo (v.i)
2438,quīm yujva,nadie (pron.indef)
3482,yaatse-,ser despreciado (v.i)
1665,menzu-,fingir ser partidario de (v.t) (fig)
1729,nasa dyi'j,vereda (f)
1761,"ndyiy, ndyi'sh",hermano (respecto a la hermana) (m)
3708,yuwe ũssa,quejoso (adj)
2975,tut-,picar (cortar a pedacitos) (v.t)
1405,"jembte, jembu",a la izquierda
2028,"patste, patsu","derecha, a la derecha (f)"
3754,"nasa kuh úushu npicthé' ki'pn'i, h'ukaysa we'wen'ihu yuwe teec' hwedsac'a kuki'n'i","nombramiento del mandatario por escogencia general, toma de una idea con la opinión de todos"
1314,iisawa'jni,marca (f)
1524,jytandy-,dar vuelta alrededor de (v.i)
3232,uy-,hallar (v.t)
1460,juraī-,jurar (v.t)
1001,cyũusu'j-,causar tristeza (v.t)
790,cuch,molestamente (adv)
1833,"nus pa'j-, nus quīj-",llover (v.i)
981,cytã'ja'j-,hacer basura (v.t)
24,"aca ũs-, caaca'j-",causar dolor (v.t)
2639,shũ'sh,crespo (adj)
385,cacue yu' vyaa-,menstruar (v.i)
1607,luñis,lunes (m)
2694,spjamb-,despajar (v.t)
147,a'te weete,en tiempo de luna
7,"F'i'n'i pe'la 40. Maa nasapa h'uka thé'na kabasa' c'hab wala ithaasn'isu kwekwe's ipa'kana, ew thegna, ma'we v'iitn'isupa u'kawa' hi'pa'. K'su' na'wesu tuduya' ewuwa'ha': 1. Kwekwe ki'pya', meec'a' ki'pn'iyuuya!. 2. Npicthé'sa' kihy yuuwa' iiste' c'hab wala's h'tukay pkhakhc'a papeyina, ha'dac'ac'a yahk'mete'; k'te kt'hit'hi'hi hi'pa'. Kihy yuuwa' iiste' npicthé'we's' c'hab wala's ya'papehyte' K'a t'hit'hite' ih ya'iisuna: Kihy yuuya'pc'a npicthé'a' c'hab wala's ewuma'k ewumema'k hin'ima'kyuu. Ikahsa ec ma'we fi'n'i iistepa c'hab-wala hu'ghumesate' k'te 1vituwa'ma'kyuu sa' iv'ituya' ya'ewuna. 3. C'hab wala ithiasn'ite yahk'c'a yu'pkhakhewa' v'itya', kwekwe ipa'kana, peek' ijuste u'kana, mhi's hwe pta's'na u'huya' ewuna, kimyuhpa yupn'ime. 4. Ec Ne'hwe's'te, Ec Ne'hwe's'hu yuhsate pu'kithc'a c'hab wala' npicthé' ki'pn'isat' k'a kwekwe's kha'khudeya' ewuna. 5. Ikahwa' v'itn'i kwekwesu ius ki'pna. 6. Maa nasapa h'ukay ikahsa Ec Ne'hwe's'a's Ec Ne'hwe's'hu yuhsa yuwe's nwe'wewa' hi'pta'. 7. Maa nasapa c'hab wala ikahn'i kwekwe's ipa'kac'a kwe's't'i nuyi'ya' ewuna. Napa naa Kulubya c'hab walahume yuhsa ayka fi'zena k'ah' kiweka fi'zena yuusa' kwe's't'i nuyi'ya' ewumena. I'nee Ec Ne'we's'hu yuhsa yuwe ku'le'teyu' mhiya' ewuna. Naa mhisu' u'ypa ikahwa' v'itn'i kwekwesu mtepa u'kakan npicthé'sawe's'a' pu'ze'het'na.","Artículo 40. Todo ciudadano tiene derecho a participar en la conformación, ejercicio y control del poder político. Para hacer efectivo este derecho puede: 1. Elegir y ser elegido. 2. Tomar parte en elecciones, plebiscitos, referendos, consultas populares y otras formas de participación democrática. 3. Constituir partidos, movimientos y agrupaciones políticas sin limitación alguna: formar parte de ellos libremente y difundir sus ideas y programas. 4. Revocar el mandato de los elegidos en los casos y en la forma que establecen la Constitución y la ley. 5. Tener iniciativa en las corporaciones públicas. 6. Interponer acciones públicas en defensa de la Constitución y de la ley. 7. Acceder al desempeño de funciones y cargos públicos, salvo los colombianos, por nacimiento o por adopción, que tengan doble nacionalidad. La ley reglamentará esta excepción y determinará los casos a los cuales ha de aplicarse. Las autoridades garantizarán adecuada y efectiva participación de la mujer en los niveles decisorios de la Administración Pública."
72,a'jsa,jinete (m)
3132,upj,cerca (cercado) (f)
2420,quiis-,alzar (v.t)
1384,īts yachni,hemorragia nasal (f)
2760,tajcy,animal domesticado
1457,ju'ngu we'we-,hablar a favor
737,"cpãyũuni, cpãvitni",herido (adj)
448,cats-,coser (v.t)
2448,qui'p-,nombrar (a un puesto) (v.t)
2868,"tjũwẽ much, much",sordo (adj)
2447,quindqui'cj-,fruncir las cejas (v.t)
1248,fyne'sh,saliva (f)
568,"chũjwa, chũjwe",filudo (adj)
1416,"jii-, jiyu-",saber (v.t)
3495,yacjtjẽ'j,hermana mayor
1240,fiycãj-,sentir extraño (v.i)
3759,C'hab wala kiwete ikahsa,(cuerpo)poder del gran pueblo de un territorio grande
3476,"yaaja-, (rep) yãaja'ja-",apuñalar (v.t)
1796,niisa ntjẽ'jsa,hija mayor
269,caagastaī'j-,hacer gastar (v.t)
2818,tejca-,ascender (v.i)
2679,soldau,sol dado (m)
541,"chindaj, chindarrãa",a pie
2248,pjiw-,encontrar (algo que otro ha perdido) (v.t)
768,csẽ'sẽ-,guiñar (v.t)
3148,ũs-,conceder (v.t)
437,case'j- (cãsej-),salir (v.i)
1319,"iitee, iitey",prematuro (adv)
2515,sa't,cacique indígena (m)
1604,"luasil, nuasel",alguacil (m)
1594,lepja,colgante (adj)
3234,u'y,mujer (f)
3323,wã'jy,grano (tumorcillo) (m)
2749,syaalu'j-,poner marca (v.t)
121,apjãa,tapa (f)
360,caauyu'j-,hacer ver (v.t)
3346,wat-,dorarse (tostar ligeramente) (v.i)
989,cytee pa'j,hasta allí
1241,"fiyuu-, (rep) fiyu'yu-",extrañarse (v.r)
2419,quiicje'j-,mandar matar (v.t)
1328,iiwejch,orgulloso (adj)
285,caanasa'j-,poner espantapájaros (v.t)
3493,yacj-,cargar (en los brazos) (v.t)
1418,ji'j,"descendente (m,f)"
3349,wa'ta spajcy-,desensillar (v.t)
472,caywẽchpa'ja'j-,dar ataque (v.t)
2160,pepy,robusto (adj)
1576,lavy-,ponerse liso (v.i)
1272,fyutsunde-,desarmar (v.t)
1622,"luupe'j-, nuylupe-",ablandar (v.t)
273,caaimi'j-,casar (a la hija) (v.t)
2104,peetje-,condimentar (v.i)
2610,"shi'ndy wala, chji'ndy wala",obscuridad (f)
3034,tyjẽ'en,viernes (m)
2563,shaacue'j-,abonar (echar abono a la tierra) (v.t)
828,cuj,muchos (adj)
1575,lavy,liso (adj)
2955,tuñ,encorvado (adj)
939,cwaatyi'j-,fatigar (v.t)
89,amb,surco (m)
1619,luucu,loco (adj)
795,"cuch vit-, cuch yuu-",molestar (v.t)
2682,spaatu ji'pjmẽe,descalzo (adj)
3219,uutjash,sembrado (m)
2097,pees-,obsequiar (v.t)
3338,walãa-,crecer (v.i)
566,chucuete-,arrancar (v.i)
2261,pllana',ácido (adj)
2513,sápatu,sábado (m)
917,cuutya'j-,arrimar (v.t)
1481,jyaw-,guardar (v.t)
3342,wa'lsa,renuente (desinclinado hacer algo) (adj)
3702,yuwe csuusu'j-,empezar un escándalo (v.t)
1090,ẽe cytã',escarcha (f)
2014,pangu,banca (f)
3378,wecha en,regocijo (m)
1495,jycjũucj-,limpiarse (a uno mismo) (v.r)
2886,tsẽy,verde (adj)
702,cnaasa',espantapájaros (m)
2431,quīj-,descender (v.i)
2892,tsiun,mora (f)
1320,"īits, tjẽ'j",maduro (adj)
3632,yu'cypeeni,consejo (m)
2006,pa'jywe'we-,insinuar (v.t)
2646,shũucuet,piedra (de afilar)
1262,fytũu ets,hoja (de árbol)
3695,yu'wala,río (m)
1172,ew yũu-,hacer bien (v.t)
1271,"fyutstende-, fyutsunde-",desclavar (v.t)
1308,iipshũ'j-,hacer sombra (v.t)
3581,yat tyaj-,edificar (v.t)
1433,jimba vyllili,casco (uña del pie del caballo) (m)
244,buu,chinche del árbol (insecto) (f)
927,cuwũu-,formar tumor (o chupo) (v.i)
1396,jamby-,esquivar (v.t)
1677,mish jamby,gato montés (m)
1216,"fi'nze, cusni",tarde (f)
323,caapuutsu'j-,mandar alimentar (v.t)
585,cjãambu,bastón (m)
2082,peecupy-,metamorfosear (v.t)
3288,vyu,plata (moneda)
3677,yu'tsesa,médico (m)
2254,pland ej,platanal (m)
2150,penda-,sepultar (v.t)
1959,paatste,secretamente (adv)
2171,pete,usado (adj)
2859,tjujarra ũs-,estar desnivelado (v.i)
1667,"menzucue, shita, ãnwẽse",avispa (f)
2604,shimb ej,maizal (nacido)
2054,"pchī', ipy pchī'",chlspa (f)
3263,vite ji's ji'pju wẽeni,codicia (f)
1710,muushi'j-,dar cambio (dinero) (v.t)
1684,mjīi ej,campo (de trabajo) (m)
1974,"paawe'weni, neecaawa'j",encargo (m)
3078,ucje-,espinarse (v.r)
1934,ñuspa',sabroso (a la vista)
1886,"nyafyte, cjuẽ'y, yatste",primero (de una serie) (adj)
1865,nuywala-,ampliar (v.t)
3652,"yunz cafy, ñunz cafy",ojo de aguja (m)
164,a'tsja-,colar (v.t)
973,"cyã'ji-, tyã'ji-",decir (v.t)
2943,tumb luuch,pichón (ave) (m)
1085,"echtsẽy, cupjy, cupjipy",luciérnaga (insecto) (f)
1008,davy-,revolver (v.t)
1899,ñeese-,tener 'sensaciones' en el cuerpo (v.i)
1881,nyacj,hermano (entre hombres) (m)
1755,ncuẽmiyũ,nuera (f)
22,ãapj-,asaltar (v.t)
1816,npe'sh,hermana (respecto al hermano) (f)
1856,"nuysẽj-, nuyquīj-",traer (desde arriba) (v.t)
902,cutyi'j-,alejar (v.t)
1205,"fi'j, pend, peendu'jni",rayado (p.p)
362,caavi'j,hacer escupir (v.t)
2229,pitstacy,joven (hombre) (m)
494,cfi'ja'j-,hacer escribir (v.t)
348,cãatsa'j,hacer enfermar (v.t)
126,arendaī-,arrendar (v.t)
2084,peecy yat,hogar (m)
1520,"jyputa, (rep) jyputa'ta-",coger rastro (perro) (v.t)
1712,"muutsu'j-, cluuvi'j-",amontonar (v.t)
2109,peetjenisa,condimento (m)
2031,patyu,patio (m)
1994,pa'gamẽe,barato (adj)
347,caatenzu'j-,cargar (debajo del brazo) (v.t)
2223,pi'pyshavy,"indígena pijao (m,f)"
3238,uyī-,pegar (v.t)
2055,pchi'c,hijo con el padre o la madre
3736,zunzu-,adelgazarse (v.r)
3793,Yuwe Dukhsa,"persona que lleva la palabra, mensaje"
2136,pelgatyi,alpargata (f)
3384,"wechana ũs-, wechana u'p-",estar contento (v.i)
2664,"siyula, u'sha",señora (de raza blanca) (f)
1458,ju'ngu yuu-,favorecer (v.t)
2405,pyãjũy,por la mitad
3518,ya'icj-,suicidarse (v.r)
2111,peetsu'j-,adelgazar (v.t)
692,cluuscjẽ fyuts-,crucificar (v.t)
1773,neeúu-,ahuyentar (v.t)
1548,jyũcjwende-,desatar nudo (v.t)
3420,wejya'jya-,correr brisa (v.i)
1453,"jũ'na qui'su, ũ'na qui'su",semana pasada
1651,"meen..., nuu...",por favor (imp)
3150,us cja'ty,vaina de fríjol
204,baytu'c-,oxidarse (v.r)
2002,pajnztewe'sh,cuarto (adj)
2337,pundúu,lezna (f)
808,cuentu'j,contar un relato (v.t)
1119,en,día (m)
357,caaũuspa'j-,ahogar (v.t)
137,atall we'we-,cantar (gallo) (v.i)
1326,iiwe-,dejarse coger (v.i)
576,"chu'nzhu-, cue'nzhi-",arrugarse (v.r)
3105,ũjt-,mojarse (v.i)
3721,"zeecu'j-, shush-",afilar (v.t)
1681,mityj um-,fabricar vasijas de barro (v.t)
3255,"vis-, visu's-",juguetear (v.t)
2734,"sute-, (rep) sute'te-",romperse (v.i)
668,cjũuchji'j-,ensuciar (v.t)
409,ca'jyam,trenza (f)
2733,"sute-, (rep) sute'te-",reventar (v.i)
3350,"wata, fitse",espeso (adj)
66,ãjmẽe,incompleto (adj)
1084,echtjẽ'j,diablo (m)
2255,pland pjapj,racimo (de plátano) (m)
3599,yechi-,sangrar (v.i)
3333,wala pa'gasa,costoso (adj)
1531,"jytjẽeyuu-, tyachi-",demorar (v.i)
2908,tsut ej,maizal (en choclo)
2840,tjẽ'j,anciano (m)
1719,naasã,sin embargo (conj)
960,cwetand tuca,calabazo (para coca)
3624,yu'cj cuchi,saíno (m)
980,cytã',basura (f)
427,canzh putasã,oler (mal)
714,"cpaachaty-, cpaaupacy-",lograr capujar (v.t)
1484,jycaaj-,ordenar (v.t)
1764,neej,mayor (él que manda) (m)
243,butswee wala,viruela (f)
3789,nasa kuhsa, muchedumbre
1407,jembu cuseju,zurdo (adj)
470,caytundu'j-,hacer amarrar (v.t)
59,ãj,completo (adj)
2939,tujndtujnd,poco a poco (adv)
1046,"dyiite, dyiiga",adentro (adv)
96,anayún,altasara (planta) (f)
1250,fytjaa we'we-,rogar (v.t)
1788,newe-,retener (v.t)
1026,dund,prisa (f)
3383,wechana,contento (adj)
3745,C'hab wala kiwete npicthé',mandatario(s) del territorio del pueblo grande
2650,"shuuna' ũs-, shuuna' yuu-",guardar silencio (v.t)
3475,yaacynimeete,sorpresivamente (adv)
3699,yuwe,noticia (f)
2504,saapajcy-,caerse (v.r)
345,caateca'j,hacer subir (v.t)
3583,yata's pqui'j-,dar posada (v.t)
3697,yuwe,boca (f)
3473,yaaca-,sentir dolor (v.i)
1357,ipy cleechi,llama (de fuego) (f)
2660,siete,siete (adj)
3601,yeele-,sentir cosquillas (v.i)
3428,wendy-,querer (v.t)
1065,"dyi'pte, tashte",ante (prep)
2204,piicje,matón (m)
820,cuet wãatãtãj-,apedrear(v.t)
1473,"jyã'j-, ptsuu-",terminar (v.t)
3373,wecha,grato (adj)
570,chulfity,dorotea (ave) (m)
2455,"quishi-, puuty ya'cviisha'j",consolarse (v.r)
303,caapeewecha'j-,propiciar (al ser maligno) (v.t)
3642,yul,deuda (f)
3017,"tyacue, nacue","tanto, tan (adv)"
1912,ñus pa'jni īcj,diluvio (m)
1442,jiyu-,entender (v.t)
2218,pinzh,roble (m)
2984,tuty,barriga (f)
780,ctejca-,cruzar (v.t)
1608,lupe,blando (adj)
1274,icani,golpe (m)
2635,shũpy,choclo cocido (m)
1063,dyi'p,rostro (m)
2305,ptyute-,bifurcarse (v.i)
42,acj,trampa (un peso cae sobre la presa) (f)
3683,yũucue,tío (hermano del papá) (m)
2012,pand-,barrer (v.t)
729,cpa'chi'j-,cobijar (v.t)
1112,"ejy saapajcy-, ejy upe-",derrumbarse (v.r)
1095,een isa,cada día
3221,uuwa'jmẽe,inmortal (adj)
2744,suwẽe-,descomponerse (v.r)
1304,"iindy, i'cue, icha",tu (pron.pos)
1733,nasa ji'pj-,"estar embarazada, encinta (v.i)"
1826,nui-,agredir (a un indefenso) (v.t)
54,afy,claro (adj)
1789,ney,padre (m)
2854,"tjẽyte ũs-, tjẽyte u'p-",estar ocupado (v.i)
2389,pu'uwe-,apañar (v.t)
1463,juuna' yuu-,forzar (v.t)
2099,peescatyjí'-,promover un asunto (v.t)
3225,ũ'we-,picar (insectos) (v.t)
1373,isani,romana (f)
2214,pijts,macho (adj)
1455,ju'ngu,a favor de (adv)
2323,puiini,pleito (m)
955,cweetj-,iluminar (v.t)
2122,pejna-,rendir (v.t)
3489,ya'castigaī-,ser castigado (v.i)
2885,tsẽy,azul (adj)
2072,pdyi'pu-,enfrentar (v.t)
271,caaīitse'j-,mandar cocer (v.t)
3480,"yaase-, ya'yaase-",llamarse (v.r)
1626,"maa, maava",alguien (pron)
1499,jycuutyi'j-,desenfundar (v.t)
3386,wechwecha,gozo (m)
2782,taqui'ni tumb,paloma domesticada
3454,wẽt putasã,olor (fragante)
2108,peetjengu-,espiar (v.t)
2013,pang-,lastimarse (v.r)
1302,iindy jīi,suyo (de usted) (pron.pos)
224,biite'j-,embijar (v.t)
2546,sela,laurel de cera (árbol) (m)
3743,F'i'n'ipe'la,un pedazo escrito de
2393,pu'yacj-,reemplazar (en su cargo) (v.t)
128,ãsh-,"echar (granos, palos, piedras) (v.t)"
543,"chita-, (rep) chita'ta-",colgar (suspendido) (v.t)
2697,"squii-, (rep) squiiyu'yu-",mirar (hacia abajo) (v.t)
2689,spay-,mirar a lo lejos (v.t)
3637,yuj-,venir (v.i)
2289,pta'sh-,informar (v.t)
3777,pkhakhe'c'a úuski'pn'isu,en (espacios) reunión donde todos ponen de su corazón
521,chich,carne (f)
2918,tswendu'ndu-,voltear la cabeza (v.t)
713,cpã,herida (f)
3237,uycjẽw-,pasar de un lado a otro
3757,fiiy fiiy úiskiwe'n'i hi'psa nasa,gente que tiene costumbres diferentes
1547,jyũcj-,amarrar nudo (v.t)
2832,tjame-,avergonzarse (v.r)
3010,tyac,llano (m)
701,cmuutsu'j-,hacer amontonar (v.t)
877,cuse pẽtyj,muñeca (de la maño) (f)
2144,pembẽe-,chillar (v.i)
1193,fi'cue,moteado (adj)
3614,yu'acj-,meter en (v.t)
3236,"uy-, tjeng-",ver (v.t)
99,andy jīi,mío (adj.pos)
3348,wa'ta,montura (silla de montar) (f)
1691,molta ya'ja,jigra tejida con agujas grandes
3746,nasasa ne'hwe's',autoridad indígena
187,aysu,acá (adv)
962,cwẽ'yã,helecho (m)
1305,iindyi'pu-,confrontar (v.t)
3552,ya'pcji'cj-,ser lavado (v.i)
1757,ncumbale,consuegro (m)
177,"atyãj-, paapẽjy-",averiguar (v.t)
3416,wejy,más (adv.comp)
1625,maa yujva,ninguno (pron)
1698,much,pantalones de liencillo (m.pl)
13,aacha'j-,calentar (v.t)
74,"ãjsa, ewusã, chjãchjasa",poderoso (adj)
2074,pechcanu-,olvidar (v.t)
3595,ya'yaase-,ser llamado (v.i)
1468,jweelu-,asomar (v.i)
159,atsejy,asco (m)
3254,"vis-, sũupi'j-",desyerbar (v.t)
2756,tãapjũu-,anublarse (v.r)
1597,lisãa- (llisãa-),rezar (v.r)
562,chucha,zarigüeya (f)
967,"cyãa, tyãa",ella (pron.pers)
3233,u'y,hembra (f)
979,cysus-,"mentar, mencionar (v.t)"
1296,iimẽj,sumamente (adv)
3471,wuwũu-,correr (v.i)
1606,lu'l-,moler (cosa aguada) (v.t)
2030,patyji-,sancochar (v.t)
3466,we'weya' ãjasamẽe,mudo (adj)
2349,pus-,agriarse (v.i)
3504,ya'fi'nze-,pasar el tiempo (v.i)
3176,ũ'tsj-,rebanar (v.t)
925,cu'w-,"impartir (calor, luz) (v.i)"
2717,sũpy-,desnudarse (v.r)
987,"cyte, cysu",ahí (adv)
3573,yat menz (lit. cola de la casa),alero (m)
2703,styaj-,acostumbrarse (v.r)
2638,shũsh-,ungir (v.t)
2485,quiwe cuet,terrón (m)
995,cyul,en vano (adv)
608,"cjas waga'te, dyi'tj waga'te",huso (m)
1161,"e'ts, e'tscuẽ","colibrí, esmeralda (ave) (m)"
25,"aca yuu-, aca pa'j-, yaaca-",doler (v.i)
3634,yu'cypej-,amonestar (v.t)
374,cabildo,cabildo (m)
2858,"tjuja-, (rep) tjuja'ja-",ladear (torcer hacia un lado) (v.i)
3562,yase-,poner nombre (v.t)
2100,peesni,regalo (m)
2766,"talli-, īchj-",enflaquecerse (v.r)
2279,pshiindy-,llorar (por la mamá) (v.i)
2539,seelpisa,útil (adj)
3494,yacj-,llevar en el hombro o en los brazos
1685,mjīi ej,finca (f)
1367,isa,verdad (f)
1753,nchi'c ntjẽ'jsa,hijo mayor
91,a'mbande-,derrumbar (v.t)
2457,qui'spyãj (lit. mitad de semana) (f),miércoles (m)
1928,ñusha mil,miel de caña
162,atsewe'weni,desprecio (m)
998,cyuuju'j-,hacer parar (v.t)
1492,"jycja'ctende-, jycja'cunde-",desechar una acusación (v.t)
1206,fi'jni,escrito (p.p)
1711,muutsu'j-,hacinar (v.t)
1099,eena'te,en la luz
533,chinda ca'ca,espinilla (f)
1082,echech,fregado (adj)
1802,nivychach,mandadero (m)
2931,tu'fy-,eructar  (v. i)
1356,ipy ca't,fogón (m)
2571,"shamb, chjamb",caserío (m)
1628,maava,"cualquier, cualquiera (pron)"
3365,wawa,algodón (m)
900,cute,lado opuesto (adv)
3559,ya'qui-,poner arete (v.r)
523,chich ujndy,cecina (f)
462,caypatje'j-,"hacer poner (freno, gorra) (v.t)"
3650,yu'mity,cántaro (m)
219,bela,vela (f)
1825,nueve,nueve (adj)
3090,ujca-,derribar (v.t)
3073,ũchja-,apagarse (v.r)
2728,susni,ruido (m)
1595,libra,libra (medida) (f)
3199,ũus,alma (f)
2996,tũusã,borracho (adj)
3509,yafy cja'ty,párpado (m)
294,cãapa'j-,detonar (v.t)
3316,"wagás, mushca (T)","blanco (de la raza blanca) (m,f)"
2259,pleecu'c,soledad (ave) (f)
417,"camba en, ptamu en",casamiento (m)
1297,iimẽj wala,inmenso (adj)
612,cjash,mazamorra (f)
913,cutyj wajwa,maíz capio
3394,"weech-, weech we'we-, npeevyshijca-",burlar (v.t)
2275,preesu'j-,tomar preso (v.t)
2911,tsute,encenillo (árbol) (m)
110,a'pa'pja-,aletear (v.i.)
1846,nuyjyu'ja-,alargar (v.t)
1354,ipy,candela (f)
2992,tuu-,emborracharse (v.r)
2380,puuty we'we-,acordar (v.t)
1251,"fytjaa yuu-, pa'ga yuu-",padecer (v.i)
1519,jyputã-,oler (v.t)
2069,pdeeu'y,amante (mujer) (f)
3507,yafy cjas,ceja (f)
2352,pusni,tendido (p.p)
369,caayapu'j-,hacer envolver (v.t)
1521,jypuuts atyj,blusa de lana (f)
3685,yuul pẽysa,cobrador (m)
652,cjũch bejbej,morado (adj)
3029,tyity ambu-,embarrar (v.t)
627,cja'tyite-,desprenderse (v.r)
2669,slun,zurrón (m)
2021,pa'pchu-,procurar (v.t)
3440,"wenzh-, (rep) wenzhi'nzhi-",halar (v.t)
1585,lechi's cweeji'j-,cuajar (v.t)
2196,pica,pico (herramienta para cavar) (m)
3453,wẽt putáa-,oler (bien)
2583,shate-,despedazarse (v.i)
3307,waccha,"huérfano, a (m,f)"
1570,"lash, lacy, zuuna'mẽe",flojo (mal atado) (adj)
2034,Payaate ne'jue'sh,gobernador (del Depto. de Cauca)
344,"caata'ngu'j- , cta'ngu'j-",hacer dar vuelta (v.t)
875,cuse nuuch,meñique (dedo) (adj)
3025,tyic-,saciar (v.t)
424,ca'ne'j,hacer llorar (v.t)
2815,teelu'j-,poner en el cepo o horqueta (v.t)
3389,wee,enfermedad (f)
3758,fiin fiin ipe'hn'isa,manejo de las cosas ahorrables
583,cía u'y,vaca (f)
765,cseembu'j-,hacer pliegues (v.t)
3409,"wejcue shijca-, anzu-, (rep) anzu'nzu-",sonreír (v.i)
1875,nwe'we-,amparar (v.t)
1699,much yuu-,ensordecer (v.i)
1515,jypujts-,enganchar (v.t)
1799,nish,gordo (adj)
2208,piisanisa,imagen (f)
329,caaqui'pu'j-,mandar poner (v.t)
493,cduucje'j,hacer entregar (v.t)
2161,"pesa'j, jypeesa'j",a través (adv)
38,ãchjíi,ahora mismo (adv)
840,cu'le,derecho (adj)
827,cuj,bastante (adj)
2199,pi'cy yat,casa de la minga
3371,wayīi- (weyīi-),gritar (v.t)
1474,jyamb-,vaciar (granos) (v.t)
1637,manga,potrero (m)
225,"bish-, shcambish-",ampollar (v.t)
1767,neeney yuju-,apadrinar (v.t)
2726,susmẽe we'we-,hablar en voz baja
2948,tund-,atar (v.t)
2809,tee jwend,directamente (adv)
1482,jyaw-,vaciar (líquido) (v.t)
2994,tũupi'j-,limpiar maleza (v.t)
2771,ta'nda,escarabajo (m)
892,cusety jyaw-,cruzar los brazos (v.t)
1933,ñuspa',apetecible (adj)
1102,"ẽete, ẽesu, tjacue",arriba (adv)
2874,tpand-,arrollar(v.t)
3772,újusa's ya'newe'wen'i's ma'wesapa hi'puwa',tener cualquier forma de invocación
2276,"primo, pucacje nyacj","primo, prima (m,f)"
2971,"tu's-, tũ's-",llevar (carga) (v.t)
3262,vite jīi,ajeno (adj)
848,cu'nd-,untar (v.t)
1829,"nus caapa'ja'j-, nus jyamby-",hacer llover (v.t)
1234,fiy we'we-,hablar distinto
3390,wee,epidemia (f)
3550,"yap-, scand-, (rep) scandu'ndu-",envolver (v.t)
3004,twaatsec,cafeto (árbol) (m)
3618,yuc dyi'tj,cadera (f)
262,caacutyi'j-,hacer sacar (v.t)
1066,dyi'tj,hueso (m)
3156,"uschi', menz shã'py",tijereta (ave) (f)
623,cja'tya,rejo (m)
2855,"tjẽyte ũs-, tjẽyte ũ'p-","ocupado, estar ocupado (v.i)"
997,cyulmẽe,no en vano (adv)
1991,pa'ga,precio (m)
1567,lamus,palma (f)
2372,puuty ijca-,chocar con (v.i)
2794,ta'ts-,torcerse (v.r)
708,cneeyũ,guineo (m)
1923,ñusha beca,guarapo (m)
3331,wala jiisa,inteligente (adj)
1591,lemlem bej,anaranjado (adj)
168,atsju-,acornear (v.t)
3448,wẽse'j-,escuchar (v.t)
1730,nasa icjsa,asesino (m)
689,cllumb,duende (m)
2617,shish,rendija (f)
646,cjīsha,caña brava del páramo (f)
572,chunda,vara (usada por brujo) (f)
3633,yu'cypej-,aconsejar (v.t)
77,ajtse-,odiar (v.t)
3584,yate-,purificar (v.t)
3170,ũtj,batata (f)
1968,paautyáa-,acercarse (voluntariamente) (v.i)
1579,"le'ch, le'chcue",chico (adj)
277,caaja'nda'j-,igualar (v.t)
3139,u'psa,habitante (m)
2581,sha'sh tu‘j,maguey (planta) (m)
1817,npiitstjẽ'j,jefe (m)
2198,pichga,anguilla (ave) (f)
662,cjũcju,borrador (para borrar) (m)
2606,shi'nd-,remedar (v.t)
2314,pu'chni,ayuda (f)
2142,pembasã,destructivo (adj)
920,cuvy-,tocar flauta (v.t)
2780,tapla,tabla (f)
614,cjã'sh le'ch,grillo (m)
2232,pitstjẽ'j,varón (m)
1581,lechi,leche (f)
3327,wa'l-,estar renuente (v.i)
1470,jweete ntsun,biznieta (f)
1353,īpjy-,cargar (a cuestas) (v.t)
3526,yãja- (ñaja-),punzar (v.t)
2790,tata,papá (m)
1146,ẽsh,coca (f)
2655,"shũ'wende-, shũ'tende-",desgarrar (v.t)
2710,sultyjica,anillo (m)
957,cweeyu'j-,mandar comprar (v.t)
3628,yu'cj wala,selva (f)
2409,pyũuscue-,dar rabia (v.r)
1282,īcj wala,océano (m)
2540,seena',terrible (adv)
2690,speeju,espejo (m)
3312,"wa'cy-,",morder (v.t)
1098,eena',luz (f)
3184,"uu en, uuwa'j, uuni",muerte (f)
2020,pa'pchu-,afanarse (v.r)
1477,jyandũu-,paralizar (v.t)
1413,jīi,pertenecer (v.i)
2743,suwẽe-,dañarse (v.r)
2306,puca,mostacilla (f)
3435,wendynisa,querido (adj)
891,cusety cũusu'j,hacer estrechar las manos (v.t)
1434,ji'mbe,muslo (m)
1818,npi'qui,persona que cohabita con otro
3626,yu'cj nasa,guerrillero (m)
3023,"tyã'wẽy, cyã'wẽy",asimismo (adv)
3344,wantaī-,aguantar (v.t)
1518,jypumbani,equivocación (f)
3766,Ec Ne'hwe's'su hiisa's k'tey kyu'hu'kan npicthé'we's ki'pn'i,persona sabia en leyes nombrada por las autoridades para hacerlas cumplir
2350,pũsh-,esparcir (v.t)
2597,shiina' yuu-,erizarse (v.r)
471,caywecha'j,contentar (v.t)
3308,wã'chja,collar (m)
1397,"ja'nda, fiymẽe",igual (adj)
2862,tjutj,tupido (adj)
2450,"qui'quin, qui'",otra vez (adv)
1870,nwẽese'j-,obedecer (v.t)
1417,jiimeesa,ignorante (adj)
863,"cuscay, cuscus (T)",día siguiente
1218,finzẽe-,enfriar (v.i)
71,"ãjmeesa, ãjmeecuesa",indigno(adj)
674,"cjyũ'ju'j-, caatje'j-",vestir (v.t)
845,culúu-,retoñar (echar cogollo) (v.i)
697,cmbamba dyi'tj,quijada (f)
2551,"sende cuvy, tsjende cuvy",flauta (de palos verticales)
3565,yasenisa,bautizado (p.p)
1943,paaná-,negar (v.t)
719,cpaaneewe'we-,lograr recomendar (v.t)
1510,jypejcue-,cortarse (con machete) (v.r)
851,"cuñ-, cpuunu'j-",castrar (v.t)
2910,tsũ'ta,trenza de cabuya (para cargar leña)
1045,"dyiiga, tashga",debajo (adv)
3615,yu'amb-,meter en (v.t)
1728,nasa cji'pju'j-,hacer concebir (v.t)
2837,tjã'tja-,roncar (v.i)
1016,dej-,acostarse (v.r)
2621,shitãa-,bramar (v.i)
1299,iimujcue-,cerrar la boca (v.t)
3040,tyjīte,arrayán (m)
1466,jwee,más (adv)
2909,tsut pullu,tamal de choclo
706,"cnaysá, piun",jornalero (m)
890,cúsete,en la mano
1983,pachīi-,arañar (v.t)
3147,us,vez (f)
2244,pjeu'j-,alistar (v.t)
1490,jycatsunde-,quitarse (ruana) (v.t)
3657,yu'ptjej-,cambiar (v.t)
638,cjicjy-,amanecer (v.impers)
3123,undy wee,"tuberculosis, tisis (f)"
3437,wenze,mono nocturno
3169,utãa-,llenar (v.i)
860,cus,noche (f)
3474,yaacha-,sentir calor (v.i)
1247,fyneecu'c-,enjuagar (v.t)
1715,muvijty-,mudarse (a otra casa) (v.i)
888,cuseju,con la mano
116,apj-,cerrar (v.t)
2895,tsjende-,atar palos verticales (v.t)
1190,ewte nvijt-,librar (v.t)
3157,"u'se, u'sesa",nuevo (adj)
3205,ũus yaacyni,pensamiento (m)
2385,puuty ya'peeygãj-,amarse mutuamente (v.t)
836,cu'ju,baile (m)
3732,"zuna'-, nuyzuna'-, tenz-, ptenz-",apretar (v.t)
2567,sha'lul,seca (infarto de una glándula) (f)
2430,quīj-,bajar (desde arriba) (v.i)
880,cuse pjapj,palma de la mano
1333,iiwejndy-,ser amado (v.i)
569,"chũjwa, chũjwe",puntiagudo (adj)
98,andtende-,desenrollar (v.t)
595,cjalma spajcy-,desengañar (v.t) (fig)
2878,tsam,hierro (m)
2262,pnaasa,sombra de una persona
1038,dycjas shũ'sh,cabello rizado
3203,ũus ũpjũpj-,latir  (v.i)
85,altesa,artesa (batea típica) (f)
161,atsewe'we-,hablar con desprecio (v.t)
1920,ñusha,caña de azúcar (f)
685,clech,lengua de fuego (f)
1196,"fi'fy-, fyu'fy-, (rep) fyu'fyu'ju-",silbar (v.i)
986,cytã'tujnd,polvo (m)
1253,fytũ,madera (f)
328,caaquindu'j-,mandar peinar (v.t)
867,cuse,mano (f)
1565,"jyutj, jyũtj",hierba (f)
226,bite,pintado (con pintas) (adj)
466,caytẽeyu'j-,atrasar (v.t)
1835,nusũu-,hacer invierno (v.i)
579,chuuma'ma-,enmohecerse (v.i)
1577,"lavy, sha'tyj (T)",resbaloso (adj)
2966,tupy-,pelar (v.t)
3782,ikah kiwepwe's yu't'an'i,junta de (varias) entidades territoriales
3358,wa'tsju'j-,hacer arepa (v.t)
1277,īcj-,llegar de un viaje (v.i)
3289,vyuu bee,dorado (adj)
2003,"pa'jwa'j, pa'jni",llegada (f)
2183,pẽ'tsu-,sudar (v.i)
859,cupytende-,quiebra maíz (moler bastante grueso) (v.t)
2039,-pcach,hasta (indica tiempo) (prep)
1913,ñus pīi-,escampar (v.impers)
3284,vyllill,pezuña (f)
2225,pi'qui,"compañero (m,f)"
2853,tjẽyte ñuste fi'nze-,tener dificultades (v.i)
1431,jimba pembẽe-,relinchar (v.i)
3478,yaapj-,cubrirse (v.r)
2823,tjaacue-,sobrar (v.i)
3098,ujndy-,agotarse (v.r)
1857,nuytandy-,"llevar (en procesión, alrededor de)"
3579,yat tjũ'wẽ (lit. orejas de la casa),saliente del vértice del techo (m)
2332,pullu,tamal (m)
3302,waawa'j-,remover (v.t)
1806,nmej ente,día final
1989,"pa'cy-, (rep) pa'qui'cy-, puuts-, (rep) puutsuts-",servir comida (v.t)
2068,pdeepits,fornicador (m)
1815,npejcue-,herir con golpes (a un animal en ausencia del dueño) (v.t)
2303,ptyijnde-,cruzarse en el camino (v.t)
3334,wala wecha yuja',es muy grato
3251,vijcy-,ladrar (v.i)
3467,wey-,comprar (v.t)
1849,nuypa'j-,traer (llegando) (v.t)
341,caastyaja'j-,domesticar (animales) (v.t)
604,cjas pjapj,lana escarmenada
3764,C'hab wala kiwete pkhan'i v'u u'kasa,tesoro entrante de la Nación
1290,īcywe'we-,censurar (v.t)
1500,jycuutyl'j-,dar a luz (v.i)
2527,sec cãj-,salir el sol (v.i)
1254,fytũ,palo (m)
2670,"smacja, sñuñu",maraca (f)
2272,pqui'ta- (fyqui'ta-),encender (v.t)
1919,"ñus, yũs",triste (adj)
1317,"īishi-, tjẽ'je-",envejecerse (hombre) (v.r)
90,"amb-, ambu'mb-",echar (cosa molida) (v.t)
1121,en ãj-,llegar la hora (v.i)
2875,tpejng-,doblar (v.t)
826,cuẽtya-,abollar (v.t)
550,chjãchjamẽe,débil (adj)
3431,wendy ucje,atarraya (f)
1451,jũ'na cus,anoche (adv)
1502,jypa'ga-,aceptar (v.t)
426,canzh putãa-,apestar (v.i )
1280,īcj wala,"lago, laguna (m)"
514,chavytũu,higuerón (árbol) (m)
3444,wes,guasca (f)
3304,wãca,cangrejo (m)
865,cuscaypcach,hasta mañana
1023,dujãa-,ponerse pesado (v.i)
3020,"tyajũ', cyajũ'",entonces (adv)
1279,īcj uta-,inundar (v.t)
749,"cpi'sh we'we-, cpi'sh sus-",tronar (v.i)
908,cutyj cjavy,maíz en grano
284,caanasa'j-,colocar espantapájaros (v.t)
1371,isa-,pesar (v.t)
2666,slenu,sereno (m)
3560,ya'sca'j-,retroceder (v.i)
3529,yajcy,trampa (con guasca) (f)
2778,"ta'ñi-, jyta'ñi-, pil ẽse-",sentir 'señas' (brujo) (v.t)
1780,nenga,sal (f)
1009,deeni atũ,cama (f)
1204,fi'j-,escribir (v.t)
3445,wes,piola (f)
2779,tape,ancho (adj)
2685,spajndspajnde,templado (freno) (p.p)
1243,frenu's pajnde-,desenfrenar (v.t)
1926,ñusha cu'nd-,moler caña (v.t)
3097,ujndy,seco (adj)
1838,nuybej-,hacer arder (v.t)
3217,ũuste wẽt ũswa'ja',paz (f)
1549,jyũcuet,rodilla (f)
2098,"pees-, (rep) peesu's-",regalar (v.t)
1686,mjīi en,días hábiles
3347,wata-,espesar (v. i)
2673,smeme quits,paraje de mariposas
1537,jytund yaj,cintura (f)
2616,shish,grieta (f)
1269,fyuj- (jyuj- T),volar (v.i)
337,caashuuna'j-,mandar callar (v.t)
64,"aja-, ewuu-, chjãchja-",poder (v.t)
2425,quiitẽe-,levantarse (v.r)
3245,"vichacue, vijcha",pájaro (m)
825,cuetumba,granizo (m)
3200,ũus,corazón (m)
2926,"tũchjãa-, (rep) tũchji'chji-",pujar (v.t)
2477,"quityáa-, (rep) quitya'tya-",agacharse (v.r)
2088,"peejini, jypeejini",necesidad (f)
3248,"viits, spiiga",espiga (f)
502,chalun,chicharrón (m)
971,cyaatsqui'pu'j-,hacer arrear (v.t)
2228,pits pyacj,concuñado (m)
3128,unza wala,rata (f)
1039,dyictjẽ ju'ngu,cabecera (f)
8,"F'¡'n'i pe'la 246. Nasasa ne'hwe's'a' pee'k' iis kiwete' peek' iiuste nasat' ipe'hna iisu hi'pta', ma'we nasa ipe'n'i hi'pya'c'a' nasat'i k'tey yuuna k'aisa date ipehna; ikahsa Ec Ne'hwe's'tewe's't'i tas'te nvihtme ha'dayu'. Sa' Ec Ne'hwe's'hu yuhsa yuwe' nasasa ne'hwe's'pwe's'a' puuk' ha'da yuuna fi'zewa'ha's vituna.","Artículo 246. Las autoridades de los pueblos indígenas podrán ejercer funciones jurisdiccionales dentro de su ámbito territorial, de conformidad con sus propias normas y procedimientos, siempre que no sean contrarios a la Constitución y leyes de la República. La ley establecerá las formas de coordinación de esra jurisdicción especial con el sistema judicial nacional."
2217,pinzh,picadura (caries) (f)
3385,"wechuung, wechuui'cue",gracias (agradeciendo un favor) (interj)
2143,pembẽe-,cacarear (gallina) (v.i)
1771,neesu-niipeetje-,contagiar (v.t)
529,chi'la,tiesto (m)
1465,juuna'sa,temible (adj)
233,bu'ch-,empezar hervir (v.i)
547,chjã'chja,brasa (f)
3500,yacue,cresta (del gallo) (f)
1526,jyta'ñisa,adivino (m)
1823,"ntundy-, nuutundy-",tomar (sin permiso)
1722,namicu yuu-,tener amistad (v.i)
3252,vijya-,indicar (con el dedo) (v.t)
2560,shãacãj u'j-,dar calambre (v.i)
3713,"yuwe, yuwe vits, yuwe cja'ty",labio (m)
399,caj-,enviar (v.t)
3780,C'haba's ikahsa,mando del pueblo
1186,ewsa,fino (adj)
3680,yu'tya-,sonsacar (v.t)
2645,shũucãj-,perder sabor (v.i)
2434,"quijya, pe'ya",sobra (f)
2784,tasa,taza (f)
343,"caatandy i'j-, ctaandyi'j-",hacer girar (v.t)
1165,etse yuu-,hacer frío (v.i)
384,cacja,caja dental
1551,jyu'j,lejos (adv)
3405,wej yujva,"ni siquiera, ni un poco (conj)"
1863,nuyvitu-,acabar con (v.t)
3730,zmeena',resplandor (m)
330,caaqui'su'j-,mandar guardar dieta (v.t)
1031,duu-,parir (v.i)
484,cchjãachja'j-,animar (v.t)
3222,uuwa'jsa,mortal (adj)
3547,ya'neeyũu-,ser dejado (v.i)
1981,"pã'ch-, ya'pã'ch-",taparse (v.r)
3104,"u'jsa, u'jwa'jsa",viajero (m)
160,atsesa,enemigo (m)
3517,ya'gaña-,dejarse engañar (v.r)
1810,nmi',esposo(m)
3011,tyach,hace mucho tiempo
560,chu'ch tyunde-,destetar (v.t)
2184,pety,inclusive (conj)
1976,paayuu-,acompañar (venir voluntariamente) (v.i)
216,bej yuu-,enrojecerse (v.i )
3762,K'ac'h ipe'hwete iamuwa'mesa,lo no adueñable por poseer durante bastante tiempo
1238,fiyajts-,adelantarse (ganar la delantera a alguien)(v.r)
3320,wajty-,cansarse (v.r)
1555,jyu'ja-,alargarse (v.r)
3674,yu'tse'j-,curar (v.t)
1346,"indy, i'cue, ijcha",tú (pron)
476,cbajy,hervido (adj)
474,cayzunzu'j,hacer estirar (v.t)
2234,piyãa-,aprender (v.t)
1756,ncumale,consuegra (f)
487,cda'ndaja-,picotear (v.t)
248,caachinda'j-,echar los cimientos (v.t)
510,chaquijnde-,despegar (v.t)
1256,fytũ ũ'tssa,carpintero (m)
1680,mityj,olla (f)
1864,nuywala-,agrandar (v.t)
630,cjẽcjenaasuwe'sh,abajeño (s)
791,cuch,"molesto, molestoso (adj)"
3505,yafy,ojo (m)
531,chinda,pie (de persona) (m)
610,cjas wat,rueca (para hilar) (f)
20,aañu,año (m)
3541,ya'jypumba-,engañarse (v.r)
440,cash,ralo (adj)
1909,ñu'py wala,guagua (m)
648,cjlmb-,desenredar (v.t)
645,cji'pju'j,hacer tener (v.t)
1077,ech,demonio (m)
363,"caavya'j-, pta'sh- tywes-, ctjeengu'j-",mostrar (v.t)
153,ãtsã',enfermo (adj)
3625,yu'cj ech,animal silvestre
3737,zunzu-,estirar (v.t)
2761,"tajta, tajtatey",a menudo (adv)
60,ãj,suficiente (adj)
5,"F'i'n'i pe'la 63 y 72. Naa kulubyatewe'shi hi'pun'i kihy kihypa ústa'na' h'ukaysahitewe's'ta': tii wala yu'kh, nasasa ks'av' kiwe, hu'gthé'we's' nv'itn'i uu kaf'suwe's'; k'aa' kwe's' c'hab walahi'sahic'ata'. Naat'i's kimyuhpa fihuwe's'ti k'wayya' ewuwa'mesa'; waasma'kyuu waasmema'kyuu napa yuulpa'ka pu'ze'ya', suwya', iv'ituya', ewya' K'ac'h k'ah' kusete yaatthu hic'a yaamuya' k'a'wemec'a' nasasa ks'av' kiwetewe's'thu hic'apa ewuwa'mesa'; K'a'sa' c'hab walate npicthé' nwe'we hi'pa'. Hu'gthe'we's' v'isn'it'i' nasasayakha' Ec Ne'hwe's'ic'a nasasawe's' kusesu ha'da nv'itu hi'pa'.","Artículo 63 y 72. Los bienes de Colombia son de todos: bosques de parques naturales, tierras comunales y de resguardos indios, los restos antígilos. El patrimonio arqueológico y otros bienes culturales que conforman la identidad nacional, pertenecen a la Nación y son inalienables, inembargables e imprescriptibles. La ley establecerá los mecanismos para readquirirlos cuando se encuentren en manos de particulares y reglamentará los derechos especiales que pudieran tener los grupos étnicos asentados en territorios de riqueza arqueológica."
3058,tywey- (cywey- T),vender (v.t)
1232,fiy,distinto (adv)
1368,isa-,contar (v.t)
2711,sultyjica,sortija (f)
2375,puuty pyũuscue-,rabiarse (mutuamente)
1217,"fi'nze-, ya'fi'nze-, ītyī fi'nze",vivir (v.i)
853,cũ'p cja'tya,soga (f)
3230,uy-,conseguir (v.t)
728,cpaawe'we-,Intervenir (en una conversación) (v.t)
512,chavy,venado (m)
1839,"nuycãj-, nuycũj-",traer (desde abajo) (v.t)
112,ape,auyama (f)
2863,tjutjũu-,ponerse tupido (v.i)
2564,shacue,abono (m)
3568,yat,casa (f)
1858,"nuytape-, taape'j-",ensanchar (v.t)
3582,yat um-,techar (v.t)
3231,uy-,encontrar (v.t)
2180,petsjate-,astillarse (v.r)
1358,ipy cuet,tulpa (f)
2982,tutũu-,roer (v.t)
2263,pney,padre con hijo u hija
198,bajts cu'nd-,desfibrar cabuya (v.t)
3364,wawa,abejón (m)
62,aj uweni,ahumado (p.p)
2611,"shindy, chjindy",llorón (m)
3341,wa'lsa,desinclinado (adj)
3553,ya'pechcanu-,olvidarse (v.r)
441,cashish-,sacar (cosas o animales) (v.t)
2488,quiwe jyuca,mundo (m)
2236,pjach-,empapar (v.t)
3491,yachi- (yechi-),desangrarse (v.r)
2490,quiwe pwa',cobertizo (de tierra)
1590,"lem, lemtjẽ'j, shquiicy",amarillo (adj)
1311,"iipyãj-, piipyãj-",tener celos (v.i)
3310,wa'cj,musgo (m)
1632,maltyis,martes (m)
852,cũ'p-,enlazar (v.t)
114,ape-,agonizar (v.i)
1007,davy-,menear (v.t)
3460,we'tj,lanza (f)
1687,"mjīi, mjīini",trabajo (m)
1224,"fīsh, fynej",mosca (f)
2085,"peecy, peecy jīi",propio (adj)
2125,"pe'jrra u'j-, jyũna u'j-",llevar (v.t)
3299,"wãatãj-, (rep) wãatãtãj-",botar (v.t)
2565,"sha'cy, cha'cy, yu'sha'cy",lama (planta acuática) (f)
1859,nuytejca-,subir (v.t)
2699,squijw tuca,calabazo (para guarapo)
258,"caacpunga'j-, cpunga'j",hacer vomitar (v.t)
3395,weechi-,rechazar (v.t)
3722,ze'nze,planta (especie de) (f)
3528,ya'ja bite,jigra de colores
2022,pas-,comprometerse (v.t)
2580,"shã'py, chjã'py",horqueta (f)
2861,tjuse,chamiza (f)
3700,yuwe caaj-,mandar razón (v.t)
2267,pquīij-,producir (v.i)
2484,quiwe cuchi,pecarí (m)
377,cach-,posar (ave) (v.i)
1029,dund yuj,"a prisa, de prisa"
1497,jycuusa'j-,dejarse quitar
1507,jypa'yajcymẽe,descuidado (adj)
2094,peendu'j-,hacer rayas (v.t)
2772,tandy-,dar vuelta (a una cosa) (v.t)
3554,ya'pjupj-,protegerse (v.r)
3107,u'ju-,andar (v.i)
2086,"peecytuty, pquipja, teecjẽe.",boca abajo (adv)
403,cãja'j-,completar (v.t)
2940,tulu,toro (m)
2929,tu'ctu'c we'we-,en voz entrecortada
1339,ījpa-,disparar (v.t)
3530,yajcy-,atrapar (v.t)
372,caayu'ptje'j-,hacer cambiar (v.t)
1048,dyi'j,camino (m)
526,chijme,blanco (adj)
1690,"mjīte, mjīya, quīj yuupa'ga",por qué? (motivo) (interrog)
3513,yafy puuple,tuerto (m)
2869,tjũ'wẽ ya'qui,arete (m)
2613,"shi'ndy, chji'ndy",obscuro (adj)
3543,ya'luch,prole (f)
1663,men,hijo (menor de todos) (m)
2973,tut,puño (m)
2053,pchī',pavesa (f)
784,ctjengu'j,hacer mirar (v.t)
2867,tjũ'wẽ chica,cerumen (cerilla de los oídos) (f)
1782,nenga cuet,terrón (de sal)
1180,ewmẽe yuwe ũs-,acusar (v.t)
3703,yuwe ewũu-,reconciliar (v.t)
1440,ji'pjuni,bienes (m.pl)
3549,yap,envoltura (f)
1748,na'wẽ tjeng-,ser semejante a (v.i)
1630,macjue,"cuanto (distancia), ¿cuánto? (adv)"
2378,puuty uy-,encontrarse (v.r)
3298,waataani,abandonado (p.p)
619,cja'ty,cuero (m)
1100,ẽepyãj,mediodía (m)
934,cvis-,atacar (v.t)
1291,iica'cana us-,aglomerarse (v.r)
868,cuse chavy,músculo (m)
1236,fiy yuu-,cambiar de aspecto (v.i)
1132,"epsa, scuutyj dyi'tj ej",rastrojo (m)
3062,ũ',comida (f)
3760,C'hab wala kiwete wét u'hun'i's nwe'wena ikahsa kwekwe,Cuerpo de poder social protector del andar en armonía
2311,"pucate, pucasu, ju'ng",al lado de (adv)
18,ãandyija',evidentemente (adv)
3370,"wãyãy, wẽyīy",comadreja (f)
2089,peejyũcue-,arrodillarse (v.r)
3664,yu'shãpy,bifurcación (del río) (f)
636,cjicj-,poner (cosa larga) (v.t)
3539,"yajta-, (rep) ya'tata-",sacudir (v.t)
835,cu'jsa,"bailador (m,f)"
2526,sec cãani,"oriente, este (m)"
3469,weysã,"comprador (m,f)"
1074,"eca, ecaj",fuera de (adv)
1936,ñusu en,duelo (m)
1847,nuyle'chi-,achicar (v.t)
1962,pãatyjī'cj-,presentar queja (v.t)
1000,cyuupu'j-,hacer atajar (v.t)
199,"bajy, wajwa",tibio (adj)
532,chinda,pierna (f)
665,cjumbe-,arrancar (v.t)
3689,yuuta-,llenar (v.t)
1533,"jytu'cj-, putu-",atragantarse (v.i)
2619,shita,armadillo (m)
2287,pta'nza'j-,contaminar (v.t)
861,cu's-,exprimir (v.t)
1709,muuse'j-,desmenuzar (v.t)
2395,pwa',cobertizo (m)
2381,puuty we'we-,conversar (v.i)
2747,"swejnde-, (rep) swendende-",perforar (v.t)
55,afy,guama (fruta) (f)
2417,quichja'j-,causar agriera (v.t)
193,bagachteva,siempre (adv)
1915,ñus wala,aguacero (m)
1599,llima,naranja (f)
2641,"shũ'tete-, shũ'wete-",desgarrarse (v.i)
3477,yaanz-,cubrirse (con cobija) (v.r)
2093,peenda-,ocultar (v.t)
3436,wenze,marteja (nono nocturno) (f)
36,"acha, acha acha",ligero (adv)
2923,"tu'ca-, (rep) tu'caca-, tucaaca-. pu'tata-",tocar (la puerta) (v.t)
3246,vicysa,cazador (m)
2643,shũu,soso (adj)
2418,quiica'j-,hacer golpear (v.t)
3091,ujca-,trillar (v.t)
1202,"fiina, (rep) finfiina-",ahorrar (v.t)
3761,Ikah kiwe,territorio de mando
3292,vyuu chijme,plata (metal) (f)
1587,lẽeya' jiimeesa,analfabeto (m)
3712,"yuwe, we'weni",palabra (f)
577,chũpy,orejudo (adj)
3030,tyity wala,ciénaga (f)
207,beca pus,chicha fermentada
3096,ujnde-,"cosechar (fríjol, café)"
2033,payãa,papaya (f)
3410,wẽje-,tener hambre (v.i)
67,ãjmẽe,insuficiente (adj)
3357,"wa'tsju-, (rep) wa'tsju'ju-",aplastar (v.t)
1363,ipy tyjic,tizón (m)
2502,"-rrava,-teva",aunque (conj.advers)
2579,shã'py-,tener vástago (v.i)
858,"cupy-, tupy-",descascarar (v.t)
1195,"fiesta vit-, fiesta'j-, caascjẽu'j-, yu'scjẽw-",celebrar fiesta (v.t)
2807,tecja,teja (f)
1372,isa-,probar (v.t)
2962,"tupj , le'le",húmedo (adj)
412,calderu,caldera (f)
1343,ime,excremento (m)
1673,micu,mono (animal) (m)
3525,ya'ja,jigra (f)
3120,umnisa,tejido (p.p)
688,clliicjun,calle (f)
1111,ejy,peña (f)
1952,paapẽjy-,consultar (v.t)
1956,paatj-,"poner (freno, alpargatas) (v.t)"
2572,"shamb, chjamb",pueblo (m)
1207,fi'l,perdiz (ave) (f)
2295,ptenzũu,tijeras (f.pl)
1633,mama,mamá (f)
1058,"dyijca, catyj",activo (adj)
1337,ij fi'nze-,cohabitar (hacer vida marital) (v.t)
588,"cjach, tama",tamo (m)
1929,ñusha tel,trapiche de mano
2257,"pland, tlu (T)",plátano (m)
1151,e'shi'j-,tener hipo (v.i)
2330,"pujnza-, jypunza-",terciar (v.t)
3215,ũuseweete,aliento (m)
656,cjũchcjũch tsẽy,azul subido
2481,quiwe,suelo (m)
3577,"yat pwa', cneetul (T)",corredor (de una casa) (m)
945,"cweeji'j-, cwe'lli'j-",endurecer (v.t)
1410,jetu'tu-,sollozar (v.i)
125,aqui'p-,poner (encima de)
1675,milinu,molino (m)
1284,i'cue jīi,suya (de usted) (pron.pos)
2293,pteenz,estrecho (adj)
3687,yũunani,ayuno (m)
2803,"-te,-ca,-ga",en (prep)
1342,ime,estiércol (m)
953,cwẽetes,cohete (m)
1659,mem,canción (f)
2346,pu'quitj-,plantarse (v.r)
2965,tupy-,ladear (v.t)
1643,mdeegã,manteca (f)
1079,ech pijts,viudo (m)
1377,īshiina nuywe'we-,chlsmear (v.t)
3196,uujsã,sembrador (m)
2846,tjeng-,cuidar (v.t)
1701,mum tuca,tarro de guadua (m)
3447,wẽse,fleco (borde de la ruana) (m)
3538,"yajpe-, (rep) yapeepe-",probar (un alimento) (v.t)
3218,ũusutjeni,conciencia (f)
2051,"pchatj-, paand-",poner atravesado (v.t)
3720,zec,filo (m)
1821,ntsu'wa,"cuñada o cuñado (entre mujer y hombre)(m,f)"
3244,vichacue yat,nido de pájaro
2742,"suw-, pemba-",destruir (v.t)
3190,ũucj-,tener miedo (v.i)
1381,īts,nariz (f)
3290,vyuu bee altal,altar hecho de oro
2838,tjee,calabacita (f)
2897,tsjītsj,paja (f)
2442,qui'na,caída de agua (f)
1812,"nmi' ji'pjmeesa, imi'meesa",soltera (f)
3287,vyu,dinero (m)
690,cluus,cruz (f)
3502,ya'ducj-,entregarse (v.r)
1115,ẽjya cu'ta,rama (de arbusto)
69,ãjmẽe yuu-,ser indigno (v.i)
1154,e'stewe'sh,siguiente (adj)
3698,yuwe,idioma (m)
250,caacjacje'j-,hacer asar (v.t)
95,ã'mush,Vía Láctea (f)
458,cãwũjw-,sacudir (v.t)
1975,paaya'ducj-,entregarse voluntariamente (v.t)
485,cchjãachja'j-,fortalecer (v.t)
1678,mish pembẽe-,maullar (v.i)
47,acjus,ajo (m)
3100,ujne,hongo (m)
1327,"iiwees-, (rep) iiweesu's-",moler finito (v.t)
3381,wecháa-,saludar (v.t)
146,a'te tjẽ'j,luna llena
3224,uwe-,prender (coger preso) (v.t)
1986,"pa'cj- (pã'cj-), pjulaī-",remendar (v.t)
136,atall pijts,gallo (m)
2608,shi'ndy- (chji'ndy-),anochecer (v.i)
1148,"ẽsh pe'tse-, ẽsh ũ'we-",mascar coca
1215,"fi'nze-, cus-",atardecer (v.impers)
142,atatelem,amarillento (adj)
901,cútete,al lado opuesto
3734,zunz,angosto (adj)
2820,"tejca-, iitejca-, iictejca-",subir (v.i)
3116,"ulu'j-, yuulu-",deber (tener deuda) (v.t)
3261,"vite enejẽ, vite cuscay",pasado mañana (adv)
539,"chinda vyllill, chinda vi'y a (T)",dedo del pie
48,a'cy-,colgar (v.t)
3738,zupy,polilla (insecto) (f)
94,amu,patrón (m)
2189,petya-,pegar (con la nano) (v.t)
774,cshiica'j-,hacer reír (v.t)
1267,fytũupatj,cerbatana (f)
582,chwatyj,carángano (Insecto) (m)
849,cunzha,cuchara (hecha de calabaza)
2139,"pelu-, (rep) peíuulu-",rodar (caer dando vueltas) (v.t)
2980,"tũtsa, tsute wala",muela del juicio (f)
653,cjũch ji'j,moreno (raza) (m)
3285,vyllill,uña (f)
2320,pucyte,cuesta arriba
1692,msuu,por donde
2959,"tũpil, ultũpy",ciempiés (m)
2979,tũts,chamón (ave) (m)
1478,"jya'ndy-, (rep) jya'ndyi'ndy-",tocar (v.t)
1854,nuypusu-,permitir fermentar (v.t)
2538,seelpimeesa,inútil (adj)
717,cpaacyjiyu-,lograr entender (v.t)
281,caamba'j-,casar (al hijo) (v.t)
2026,"patee-, atsjute-, jypajnde-, yaatsjunde-",zafarse (v.i)
894,cusīi,por la mañana
422,ca'nd-,mezclar (v.t)
446,catj,tirante (pieza de la armadura del tejado) (m)
3345,wat,caripaspada (de mejillas rosadas) (adj)
361,caaviitse'j-,hacer unir (v.t)
3426,wendy,"pescado, pez (m)"
2507,"sa'j-, jysa'j-",desmontar (v.i)
2470,quītj ej,sembrado de maní
1556,jyu'ja-,crecer (pelo) (v-i)
1089,"ee cuet, ee lul",coágulo (m)
1843,nuycjẽj-,rebajar (precio) (v.t)
245,cããajã'j-,aumentar (v.t)
1653,meetjacue,lomo de machete (m)
1076,"ecajuwe'sh, vite quiwejuwe'sh",extranjero (m)
2290,"pta'sh-, vijya-",señalar (v.t)
633,cjẽj-,bajar (hacia abajo) (v.i)
3014,tyachmẽe,hace poco tiempo
2792,tatawe'sh,padres (padre y madre) (m.pl)
683,cla's cu's-,ordeñar (v.t)
1044,dyiicjẽy,antemano (adv)
2247,pjeu'j-,preparar (v.t)
2449,qui'p-,poner (v.t)
3744,peek' ijushu yaak'n'i,pensar o sentir por sí mismo con su corazón
3250,vijcy-,cazar (v.t)
1573,lasu,lazo (m)
1155,"e'stewe'sh, nuuch, nuuchsa",menor (de edad o en importancia) (adj)
1997,pa'j,hasta (indica lugar) (prep)
520,chicãa-,gorgorearse (v.r)
212,beecãj-,sonrojarse (v.i)
2601,"shijca-, (rep) shicaaca-",reír (v.r)
800,cuchi,marrano (m)
743,cpẽu'j-,hacer bañar (v.t)
1535,jytujte,famoso (adj)
3267,vits,punta (f)
1947,paandej-,pernoctar (v.i)
2723,sus we'we-,en voz alta
1814,npeefynicy-,trastear (v.t)
2713,"sund (tsund-), quityji-",gotear (v.i)
255,caacmbeesa'j-,hacer confesar (v.t)
2001,pajnz,cuatro (adj)
3631,yu'cuet,hielo (m)
824,"cuetpũts, vyuutyjã'",chuleo (planta) (m)
2825,"tjãasnl, jytjãasni",deseo (m)
3207,"uusãa, uunī",muerto (adj)
1768,neeney yuju-,ser padrino (v.i)
228,buc,panzón (adj)
643,cjimb-,desatar (v.t)
2642,shũu,desabrido (adj)
1522,jysaacuecue-,sacudirse (v.r)
3368,"wa'wa, chimbyni",podrido (p.p)
1485,jycaajsa,gobernante (m)
3643,yul ducj-,abonar (acreditar a la cuenta) (v.t)
3033,tyjã',repollo (m)
724,cpaasu'j-,permitir contestar (v.t)
1509,jype'j-,criar (a un huérfano) (v.t)
2299,ptsu-,acabarse (v.i )
763,cseelpi'j-,ocupar (v.t)
3110,ul,bobo (adj)
3402,weeswẽe,feroz (adj)
3005,"twajca-, (rep) twaaca'ca-",trozar (v.t)
1702,mum yu'cj,guadual (m)
2561,"shaacue we'we-, pjay we'we-",bromear (v.i)
1049,dyi'j,vía (f)
620,cja'ty,piel (f)
519,chica,gorgojo (m)
477,cbeele'j-,suspender (colgado) (v.t)
3380,wecha yuja,alegría (f)
991,cytemũu-,apretar (v.t)
571,chunda,chonta (f)
2787,tã'sh,tronco (de árbol) (m)
3790,nasasa (ikah) kiwe,"territorio propio de poder, mando indígena"
1152,e'shwee,tosferina (f)
2999,tuutje'j-,honrar (v.t)
1175,ewmẽe,mal (adv)
1118,ele,cosquillas (f.pl)
208,beca yat,chichería (f)
1683,mjīi-,trabajar (v.t)
1156,e'su,después (adv)
1762,nee,todavía (adv)
2889,tsinz dyi'tj,espina dorsal (f)
392,cafi'j-,cavar (v.t)
3052,tyutẽe-,alejarse (v.r)
3731,zu'cy-,atascarse (v.r)
2701,"stende-, (rep) stendende-",rasgar (v.t)
2964,tupy,revés (m)
2751,taacy wendy,renacuajo (m)
148,"ate, tsejc",limpio (adj)
580,chwa',sombrero (m)
1144,ẽseya' ãjasamẽe,paralítico (adj)
2308,pucacuet,cachete (m)
723,cpaapta'sh-,lograr avisar (v.t)
1424,jimba chinda pẽty,cuartilla (del caballo) (f)
2239,pjande-,destapar (v.t)
473,caywẽtu'j,hacer sanar (v.t)
1973,paawe'we-,encargar (v.t)
1624,maa,"cual, ¿cuál? (pron)"
2410,pyũuscue-,rabiarse (v.i)
2927,tucj,pus (m)
3074,ũ'cj-,moler (v.t)
2371,puuty,recíprocamente (adv)
215,bej-,arder (v. i)
2545,sejẽw-,pasar hacia abajo
3249,viitsu-,"espigar, echar espigas (v.i)"
388,cafẽ,café (m)
3594,yaya-,temblar (persona) (v.i)
982,cytala,guitarra (f)
1344,"indy jīi, i'cue jīi,",para ti
1340,ilu,hilo (m)
3322,wãjy,hiel (f)
1005,daaquī,"Andaquí (indígenas de Huila) (m,f)"
1227,fitsj,"cuí, conejillo de Indias (m)"
3450,wẽsẽ'jsa,"oyente (m,f)"
37,achamẽe ew,inferior (adj)
2224,pi'pyshavy,Pijao (tribu indígena) (m)
3283,vyllill,"dedo (medida, el ancho de un dedo) (m)"
747,cpi'sh cuejne-,relámpago (m)
3501,ya'cysus-,ser nombrado (v.i)
3228,"uwe-, pu'uwe-",coger (v.t)
1043,"dyii, jyu'j",hondo (adj)
3396,wẽepang-,demostrar tener hambre (v.i)
1654,meetu'j,intestlno (m)
1708,mutyi,mote (m)
3427,wendy-,gustar (v.i)
3441,we'pe,páramo (m)
2190,petyi'j-,sacar muesca (v.t)
3361,watycue yuu-,volverse perezoso (v.i)
679,claapatu,garabato (m)
2203,"pi'cyna u'jusa, paau'jsa","acompañante (m,f)"
944,"cwẽeje'j-,",causar hambre (v.t)
3470,wũw-,mecer (v.t)
1949,paandlẽ,panderé (árbol) (m)
1404,jemb-,"izquierdo, a (adj)"
1873,nwe'sh we'we-,tratarse como parientes (v.t)
1447,"-ju,-u,-uj","de, desde (prep)"
3194,uucue'j-,aplanar (v.t )
2076,pechu,pecho (m)
548,chjãchja yajcy-,confiar en (v.t)
2301,ptsuuts,tía con sobrino o sobrina
738,cpãyũusa,herido (m)
3083,ucue quiwe,valle (m)
1496,jycuet dyi'tj,cráneo (m)
395,cafy,hoyo (m)
1409,jẽp,yerba (que enloquece) (f)
2362,putste,"borde, al borde de (m)"
1122,en ewuu-,hacer buen tiempo (v.i)
1160,ets,papel (m)
3352,wa'ta'jni,ensillado (adj)
1559,jyu'nde,liso (adj)
1182,"ewmeesa, canzh",malo (adj)
593,cjalma,enjalma (f)
2995,tuupja'j-,remojar (v.t)
3555,yapni,envuelto (p.p)
3053,tyutẽe-,apartarse (v.r)
3113,ulchic,urraca (ave) (f)
308,caapenda'j-,permitir enterrar (v.t)
1012,"deeni, deeni ũsa'",dormido (p.p)
1872,nwẽese'jmẽe-,hacer caso omiso (v.t)
43,acj-,echar (v.t)
3397,wẽepang-,estar hambriento (v.i)
1428,jimba ji'mbe,anca (de caballo) (f)
373,caayuwewu'j-,hacer reconciliar (v.t)
2506,sacue,palo del telar (sostiene el ñuwe) (m)
2676,sñal,cicatriz (f)
3463,we'we-,hablar (v.i)
1951,paanwe'we-,intervenir (v.t)
46,"a'cji'j-, waacji'cj-",pisar (v.t)
3168,uta,lleno (adj)
3742,hu'gthé' yacka thé'we's' nv'itn'i,antiguedad dejada por los primeros mayores
2492,quiwe tujnd,polvo (del camino)
603,cjas,vello (m)
3621,"yu'chafy-, yu'spẽ'tj-",tropezar (v.i)
1301,iindeweni,callo (m)
1634,mama lula,bisabuela (f)
3259,vite',y (una lista)
3735,"zunz, zunzcuẽ",agudo (tono) (adj)
2394,pu'yacjsa,reemplazo (m)
1125,enda-,flotar (v.i)
1379,īshiisa,mentiroso (adj)
3696,yuwe,asunto (m)
2456,qui'spyãj,mitad de semana
2095,peendyiqui,almohada (f)
1562,jyutcjamb,salvia (planta medicinal) (f)
1252,fytũ,garrote (m)
695,cmbale,compadre (m)
2785,tash,mata (f)
3265,vitrra nvijt-,designar (nombrar a un puesto) (v.t)
1602,lllnderu,lindero (m)
2536,secũu,hacer sol (v.i)
1494,jycjẽe-,tragar (v.t)
1613,luuch le'chcue,criatura (f)
3037,"tyjicj dyi'tj, tyjicj shbimby",nuca (f)
1255,fytũ cu'ta,rama (de árbol) (f)
455,"catyji-, chjãchja-, case-",mejorar (de una enfermedad) (v.i)
2340,punza,esquina (f)
1884,nyafiitey,anteriormente (adv)
41,acj,gripe (f)
106,anzẽe- (enzẽe-),reclinar (v.t)
2240,pjanden i,abierto (p. p)
1801,nish dej- (lit. pulpa duerme),entumirse (v.r)
313,"caapiya'jsa, peevya'sa (T)",maestro (m)
507,chang,escoplo (herramienta) (m)
2887,tsẽytsẽy chijme,azul claro
2614,"shi'ndy, chji'ndy",tinieblas (f.pl)
133,"at-, yaat-",llevar en la mano
1840,nuycase-,aliviar (v.t)
1191,ewũu-,componerse (v.i)
2998,tuutje'j-,alabar (v.t)
966,"cyãa, tyãa",él (pron.pers)
910,cutyj ej,maizal (m)
919,cuvy,flauta (f)
3332,wala pa'ga,caro (adj)
453,ca'tu tupyrra,al revés
1693,"mtee, mcaa, mdyi i, msuu","adonde, ¿adonde? (adv)"
163,a'tsja-,cernir (v.t)
3724,"zi'nzi-, sndaanda-",zumbar (v.i)
1571,"lashi- , lajcy-, nuylajcy-",aflojar (v.t)
3330,wala,"mucho (adj, adv)"
1636,manga,manga (corral para bestias) (m)
1953,paapẽjy-,preguntar (v.t)
31,acha,ardor (m)
1127,e'nz e'nz,de dos en dos
2052,pchī',mecha (f)
2957,tupa,araña (f)
799,cuchi,cerdo (m)
3149,ũs-,estar (v.i)
1088,ẽe cjũch,mal agüero (nube negra) (m)
2137,peltunaī-,perdonar (v.t)
1541,"jytyunde-, (rep) jytyundende-",repartir (v.t)
2938,"tujnd, tujndtujnd",despacio (adv)
1572,lashnu,durazno (m)
3300,"wãatãj-, (rep) wãatãtãj-",tirar (arrojar con la mano) (v.t)
1300,iindeewe-,defenderse (v.r)
596,cjalma spajcy-,desenjalmar (v.t)
517,"chcate- (shcate-), upe-",quebrarse (v.r)
2603,shimb dyi'tj,tallo de maíz (m)
1389,iviit-,perder (v.t)
2593,"shcate- (chcate-), (rep) shcate'te-",fracturar (v.t)
1657,mell,viejo (usado) (adj)
615,cjash yu',chicha de maíz
753,cpun,jabón (m)
667,cjumbete-,desarraigarse (v.r)
2503,"sa‘, atsa'",y (conj)
2696,"spund-, tspund-",torcer (v.t)
3616,yu'ãsh-,meter debajo de (v.t)
434,capla,cabra (f)
2016,pãpa-,pegar (con palo) (v.t)
3071,ũch-,defecar (v.t)
2894,tsja'ya-,extender los brazos (v.t)
1676,mish,gato (m)
1011,deeni ũs-,estar dormido (v.i)
1220,finzh,guacharaca (ave) (f)
83,almun,almud (m)
3095,"ujnd-, (rep) unduund-",quebrar (v.t)
365,caawãshi'j-,atemorizar (v.t)
2798,taw,chumbe (m)
673,cjyu'ja'j-,dejar crecer el pelo (v.t)
2775,tandyīi-,rodar (v.i)
3461,wẽtmẽe,desagradable (adj)
2081,peecjicj-,alumbrar (v.t)
367,caawũwu-,cabecear (v.i)
2145,pembẽe-,gemir (v.i)
2877,tsalli'll,gavilán (m)
3497,ya'cpajcy-,dejarse alcanzar (v.r)
1589,"lem yuu- , lemũu- shquiicy yuu-",ponerse amarillo (v.i)
419,"camba-, ptamu-",casarse (v.r)
1791,niimal,animal (m)
2281,pshu,sombra (f)
259,caacpũushi'j-,hacer regar (v.t)
2277,psha'nd-,abrazar (v.t)
2709,sũj-,suponer (v.t)
1454,"jũ'na, ũ'na",ayer (adv)
1225,fitscu'ng,nudillo (yerba) (m)
2724,susmẽe we'we-,cuchichear (v.i)
2073,peãsh-,regar (granos)
1423,jimba apj,tábano (m)
921,cuvysã,flautista (m)
1944,"paandee yat, pa'j yat",posada (f)
1341,ilu watsu-,ensartar (v.t)
770,"cshavyte, cshavysu, pyãjte",en medío de (adv)
671,"cjuuts, ũpacjuuts",pólvora (f)
1158,ets,hoja (de papel)
992,cytey yuu-,cumplir (v.t)
1759,ncuutyi'j-,sacar sin permiso
276,caaja'nda'j-,comparar (v.t)
1911,ñus cnay-,padecer (tristeza) (v.i)
1093,"ẽeīi, cusīi",temprano (adv)
2207,piisani,dibujo (m)
639,cjicy-,aclarar (día) (v.i)
3325,wãjy chanzhãa-,fumar (v.t)
375,"cabilduwe'sh, cjũeswe'sh",cabildante (m)
694,cmale,comadre (f)
3544,"yamu-, iiyamii- (iinamu-)",adueñarse (v.r)
2479,quityji-,echar gotas (v.t)
3605,ye'tsje-,sentir (cuando otro le toca) (v.t)
3127,ũ'nisa,comestible (adj)
904,cutyj,maíz (m)
1493,"jycja'ctende-, jycja'cunde-",librarse (desechar una acusación) (v.r)
231,bu'ch,planta medicinal (f)
1036,dycjas,pelo (m)
3768,eena' eena' kafi'ze'n'i,hacer la permanencia en la luz
2329,pujnza-,llevar terciado
2141,pemba- (pamba-),"acabar (comestible, medicina) (v.t)"
3240,-va,también (adv)
2315,pu'chsa,ayudante (m)
2278,pshiica,risueño (adj)
1514,jypey-,apuntar (un arma) (v.t)
3279,vyaamẽe-,desaparecer (v.i)
2256,pland sinzha,cincho (del plátano) (m)
1861,nuytuw-,acortar (v.t)
3458,wete-,caer (v.i)
3701,yuwe cjas,barba (f)
591,"cjã'cjã, cjã'ng",hormiga (f)
1157,"e'su, e'ste",atrás (adv)
1824,ntyi'nsa,cuñada (entre mujeres) (f)
3686,yũuna-,ayunar (v.i)
793,cu'ch-,desmoronar (v.t)
537,chinda pjapj,planta del pie (f)
1162,e'tscuẽ,chupaflor (ave) (m)
797,cuch we'we-,molestar (con hablar) (v.t)
3776,ikahn'i kwewesu ucheena,vincularse en las Corporaciones Públicas
1185,"ewna jí-, ewa' j í-",aprobar (v.t)
3602,"yeetse-, cumãa-",tener frío (v.i)
1658,mellisu,mellizo (m)
1988,pacue-,buscar (v.t)
1200,fīicunde-,quitar sombrero (v.t)
2058,"pcjaacje-, peecjacje-",juntarse (v.r)
3704,yuwe pu'ch-,abogar (v.t)
101,"andy, ũ'cue","mí, mis (adj.pos)"
3356,wãtsja-,pellizcar (v.t)
364,caawa'qui'j-,hacer masticar (v.t)
335,caashi'j-,hacer encarcelar (v.t)
1925,ñusha cja'ty,bagazo (m)
2373,puuty pdyi'p,cara a cara
2046,pcaw-,derramar (v.t)
2550,sembu'j-,plegar (v.t)
2334,pumba'jni,cámara lateral para enterrar (f)
123,ã'pjy-,empollar (v.t)
50,a'cyni,colgado (p.p.)
1245,fycach,amero (m)
2202,pi'cyna u'j-,acompañar (v.t)
3216,ũuspa'-,asfixiarse (v.r)
1188,ewte neeyũu-,salvarse (v.r)
626,cja'tyinde-,desprender (v.t)
2355,putasã,olor (m)
1918,ñus yajcy-,sentir triste (v.t)
2529,sec cjẽeni,"occidente, oeste (m)"
1307,iipe'j-,responsabilizarse (v.t)
2712,sulu,zorro (m)
2907,tsut-,"dar fruto (trigo, maíz)"
1527,jytẽeyũu-,atrasarse (v.r)
726,cpaawenzh-,lograr halar (v.t)
3523,"yaj, yu'cj wes",bejuco (m)
3309,wã'chja,gargantilla (f)
390,cafẽ vis-,limpiar café
658,cjũchji-,negrecer (v.i)
2700,"stela, mastela (T)",estera (f)
451,catsni,costura (f)
2632,shuma,ardilla (f)
2640,shũ'sh-,arrugar (v.t)
1228,fīty-,despertar (v.t)
1927,ñusha ej,cañaduzal (m)
1374,ishīi-,mentir (v.t)
2035,paypwesa,juguetón (m)
40,acj,catarro (m)
956,cweetjnisa,iluminación (f)
2231,pitstjẽ'j,hombre (m)
3748,h'iikh,lo que enlaza diversas partes
3178,utya,junto a (adv)
2367,puuquiwe-,emprender (v.t)
687,cleecytul (T),inspector (m)
669,cjuuts,ceniza (f)
15,"ãacjẽrráa ew we'wesa, ũuste yu' ewmẽe yaacysa",hipócrita (m)
2462,quite,flor (f)
2412,quẽese'j-,agitar (v.t)
2300,ptsun,abuelo o abuela con nieto o nieta
616,cjashi'j-,hacer mazamorra (v.t)
2472,qui'tj wala,muela (f)
515,"chawee, seccuet",chiharra (insecto) (f)
1629,ma'c yuu...ma'c yuu,o...o (conj)
2064,"pcyuu-, (recip) puuty ya'pcyuu-",agredir (v.t)
2566,shal,teñidero (árbol) (m)
1179,"ewmẽe yuu-, pcalte wete-",pecar (v.i)
2556,setlu,cedro (m)
81,alcalte,alcalde (m)
2544,"sẽ'j , cwẽesẽ'j",barbasco (m)
2065,pcyuuni,maltrato (m)
1982,pachíi-,agarrar (con las uñas) (v.t)
783,ctjeetje'j-,mandar lavar (v.t)
759,cpu'quitje'jwa'jsa,puntal (m)
2987,tuty jya'ndy-,partear (v.t)
3561,yase-,bautizar (v.t)
707,cndul,cóndor (m)
1921,ñusha,dulce (adj)
975,cya'patje'j-,hacer cubrir (v.t)
382,cachu,cuerno (m)
469,caytjame'j-,causar pena (v.t)
129,ã'sh,rascadera (f)
1666,menzũ-,andar atrás de (v.i)
1980,"pach-, (rep) pachi'chi-",rasguñar (v.t)
1055,dyij yuusã,hechicero (m)
1334,iiwejtse-,arraigar (echar raíces) (v.i)
1939,ñutyji-,moquear (v.i )
2155,"penzh, penzhcuẽ",vieja (adj)
268,"caafi'ze'j-, cfi'nze'j",hacer vivir (v.t)
1471,jweete ntsun,biznieto (m)
3131,"upe-, (rep) upeepe-",romperse (v.r)
1914,ñus pu'ch-,condolerse (v.r)
675,cla,ganado (m)
400,"cãj-, cũj-",subir (de abajo) (v.i)
1489,jycajts-,"ponerse (camisa, ruana)(v.t)"
3676,yu'tse'je-,dar remedio (v.t)
552,chjacue we'we- (shaacuẽ we'we-),chancear (v.i)
1889,nyu,esposo (f)
2549,selpisã,siervo (m)
2518,"scjẽwsa, scjẽwwa'jsa",pasajero (adj)
2997,tũusã,"tomado (ebrio, borracho) (adj)"
2118,pej na-,abundar (v.i )
3164,usmity,alacrán (m)
2339,"punga-, (rep) punga'nga-",vomitar (v.t)
3715,yũ'wẽeni,sed (f)
637,cjicji'cji'j-,centellear (v.i)
2422,quiisa'j,hacer medir (v.t.)
3092,"ujca-, (rep) uca'ca-",pegar (maltratar a golpes) (v.t)
3753,puuk' k'tey yuuwa' hi'pun'i,compromiso de ambas partes
301,caapechucue'j-,mandar dar látigo (v.t)
1785,nes,permanente (adj)
2510,sangistan,sacristán (m)
3421,wejyva,antes bien (conj)
716,cpaacycjiyu'j-,lograr hacer entender (v.t)
3403,"wẽet-, iiwẽet-",sanarse (v.i)
287,caanuqui'j-,pegar (con goma) (v.t)
398,ca'ga'j-,meter (v.t)
2491,quiwe pwa',hueco (m)
2553,sendy-,mezquinar (rehusar dar) (v.i)
3619,"yuc, yuc chich",nalga (f)
3556,ya'ptjãawe-,ser agredido (v.r)
618,cja'ty,corteza (f)
1376,īshiimẽe,verdaderamente (adv)
1895,"ña, yã",yuca (f)
1609,lupe-,ablandarse (vi)
1904,"ñun, ũ'nisa",fruta (f)
1150,e'shavy,oso (m)
1937,"ñusu en, ñuswa'ja'",tristeza (f)
2537,"secũu-, ejnz yuu-",hacer verano (v.i)
2745,swejnde-,agujerear (v.t)
2729,su'stu'j,vejiga (f)
887,cusega jypetyatya-,aplaudir (v.t)
483,"cchill, chill",cuchillo (m)
837,cujya,sopa (f)
333,caascjeu'j-,dejar pasar (para abajo) (v.t)
898,cu'ta dyi'tj,húmero (m)
2128,"pejy-, jypeejy-",necesitar (v.t)
3313,wagãs yuwe,español (m)
3038,"tyjicj luí, pẽty luí, pẽty luwa",nuez de la garganta (f)
2312,"pu'chj-, (rep) pu'chji'ch-",ayudar (v.t)
2879,tsam,metal (m)
234,bucha-,brotar (v.i)
3281,"vyajnd-, (rep) vyandu'ndu-",blandir (v.t)
209,beca yat,guarapería (f)
2327,pujmb-,arrojar (v.t)
2165,pesatj jyu'j,longitud (f)
1758,ncuusa'j-,despojar (v.t)
307,"caapena'j-, cpeena'j-",hacer abundar (v.t)
3393,wee cnay-,padecer (enfermedad) (v.i)
3021,"tyajy, cyajy","su, sus (de él, ella) (pron.pos)"
3269,vitsa,hacedor (m)
3449,wẽsẽ'j-,oír (v.t)
2890,tsinz zec,columna vertebral (f)
2501,"-rrãa,-rrarrãa","solamente, sólo (adv)"
2402,pyãjte,"centro, en el centro de (adv)"
350,caatu'j,hacer llevar (v.t)
3486,yaatul,fuete (m)
2722,sus lẽei-,leer en voz alta
3372,wãyíi- (wẽyīi-),gatear (v.i)
2110,peets tyja',hoja de mejicano (planta) (f)
2441,"quimva, maava",quienquiera (pron)
651,cjũch,sucio (adj)
1845,nuyi'j-,guiar (v.t)
2888,tsinz,espalda (f)
1891,"nyu neytjẽ'j, cajcatjẽ'j, ncaacatjẽ'j",suegro (m)
92,ambu'ju-,alzar (era) (v.t)
1896,ñaña,desdentado (adj)
454,catu'j-,mojar (v.t)
2828,tjacuee-,ponerse grave (v.i)
2569,"shamb wala, chjamb wala",ciudad (f)
2112,peetsu'j-,rematar (un trabajo) (v.t)
2344,"pũpy-, yuutya-",unir (v.t)
1723,namu,dueño (m)
1486,jycaajsa,mandatario (m)
1819,ntsu'm,cuñado (entre hombres) (m)
2625,shna'na,baba (f)
3272,vitu-,perderse (v.r)
2522,scuutyj,trigo (m)
895,cusīi quiite-,madrugar (v.i)
3567,ya'spẽ'tj-,cortarse (v.r)
3487,yaawee,paludismo (m)
406,"cajcue, cuejcue",sobre (prep)
389,cafẽ ujnde-,cosechar café
916,cuutsje'j-,dejar tocar (v.t)
1725,nasa,"indígena páez (m,f)"
2386,puuty ya'peltunaī-,perdonar (mutuamente)
2630,shũ,simple (comida sin sal ni azúcar) (adj)
565,"chucuende-, chuctende-",arrancar (espigas) (v.t)
2424,quiisa'j-,hacer probar (v.t)
906,cutyj chijme,maíz blanco
1316,"īish, īishcuẽ",viejo (adj)
418,"camba en, ptamu en",matrimonio (día de matrimonio) (m)
3314,"wagãs yuwe, llinu (T)",idioma castellano
2291,"pta'sh-, yuwe pta'sh-, pta'shi'sh-",avisar (v.t)
1705,mutcue,lulo (m)
2360,puts,orilla (f)
2280,pshi'nd-,burlar (imitando) (v.t)
135,atall luuch,pollo (m)
779,cta'ñi'j-,causar sentir 'señas' (v.t)
1050,dyi'j putste,orilla (del camino)
167,a'tsjanisa,susunga (cernidor) (f)
1103,ẽewee,estrella fugaz (f)
3068,ucalitu,eucalipto (árbol) (m)
1212,finze,frío (adj)
4,"F'¡'n'i pe'la 10. Waas yuwe' Kulubyate nasa h'ukaysahi'. Napa nasa kiweka' kwe's' yuwe' k'a'weysaic'a'. Naa nasasa c'habsu' e'z yuewetey kapiya'wa'ha"".",Artículo 10. El castellano es el idioma oficial de Colombia. Las lenguas y dialectos de los grupos étnicos son también oficiales en sus territorios. La enseñanza que se imparta en las comunidades con tradiciones lingiísticas propias será bilíngiie.
823,"cuetmuse, muse",arena (f)
3343,"walta, tul",huerta (f)
1969,paauu-,morir en lugar de otro (v.i)
1744,"nava, napa (T)",pero (conj)
938,cwaaty i'j-,cansar (causar cansancio) (v.t)
267,caafirmaí'j-,hacer firmar (v.t)
2620,shi'ta-,humear (v.i)
1321,īitse'j-,cocer (v.t)
1787,newe-,detener (v.t)
2937,tujnd-,cesar (calcarse el viento) (v.i)
745,cpiitan,capitán (m)
2297,ptjuc-,apretar (v.t)
2237,pjãja-,toser (v.i)
542,chinda's pchat-,cruzar las piernas (v.t)
2542,sẽj-,bajar (v.i)
2804,tech-,lamer (v.t)
1713,muuwe'sh,guambiano (indígena del Cauca) (m)
1992,-pa'ga,por (prep)
191,"bagach yujva, uca",nunca (adv)
456,ca'tyji'ji-,hacer estornudar (v.t)
158,atscue-,desplomarse (v.r)
2059,pcjaacjeni,reunión (f)
2045,pcambnisa,urdimbre (hilos del telar) (f)
1786,nes yuu-,permanecer (v.i)
3243,vichacue cjas,piusa (f)
1387,ītyī ũs-,estar despierto (v.i)
2866,tjũ'wẽ cafy,oído (m)
1828,nus,lluvia (f)
444,catashi'j-,encabar (v.t)
1183,ewmeete neeyũu- (lit. quedar en mal),ser condenado (v.i)
2107,peetjee-,penetrar (v.t)
3771,úuste thaamewa' hipme,sin vergúenza en el alma
3119,umbu-,derrumbarse (v.i)
3422,well,loro (ave) (m)
1525,jyta'ñi-,adivinar(v.t)
2188,pẽty shiwa,coto (bocio) (m)
2588,shawend-,volver (v.i)
881,cuse pjapj,palma de la mano (f)
3036,tyjicj,pescuezo (m)
1707,mutsu-,formar chupo (v.i)
1734,nasa ji'pj neeyũu-,concebir (v.i)
241,"butse, butse tash",yaruma (árbol) (m)
261,caacu'ju'j-,hacer bailar (v.t)
87,am,hacha (f)
3172,"u'tj; me'j, me'jwe (contestación)",adiós! (interj. de despedida)
1042,dyicy,caspa (f)
2882,tsam wes,alambre (m)
2463,quite ej,jardín (m)
530,chinda,pata (f)
222,bendecī-,bendecir (v.t)
607,cjas umbu-,mudar plumas (v.t)
3268,vits wala,montaña (f)
1040,dyictjẽ sũpy,calvo (adj)
3622,yu'cj,bosque (m)
1931,"ñusñus, yũsyũs",tristemente (adv)
503,chamba,zanja (f)
786,ctu'fi'j,hacer eructar (v.t)
617,cjastjẽ'j,lanudo (adj)
2209,piishã,oveja (f)
264,caacweetje'j-,hacer brillar (v.t)
16,aan,a ver (conj)
1365,is- (īis- ),vestirse (mujer) (v.r)
3388,wechwecha yajcy-,alegrarse (v.r)
1230,"fiwúu-, pcjacj-","recoger (semillas, granos) (v.t)"
1620,luucu vit-,enloquecer (v.t)
2900,tsjũtsj,espina (f)
3483,yaatseni,despreciado (p.p)
3521,yaj,picante (adj)
1834,nus umbu'mbu-,lloviznar (v.i)
2989,tuty letya,abdomen (m)
931,cviisu'j-,hacer entretenerse (v.t)
306,caapeltunaī'j-,hacer perdonar (v.t)
773,cshi’ta'j-,echar huso- (v.t)
2365,puuple,pobre (adj)
1364,īqui,crudo (adj)
413,calsun,calzones (m.pl)
2950,"tund, dund",rápido (adj)
872,cuse mush,dedo (m)
3663,yuse'j-,rascar (v.t)
3452,wẽt fi'nzem',alentado (p.p)
3024,tyic-,hartarse (v.r)
2842,"tjẽ'j, tjẽ'cjuẽ","viejo (m,f)"
2934,"tujme, tsẽytsẽy tujme, tujmetujme",gris (adj)
2265,pnjī‘j,madre con hijo u hija
3649,"yulusã, yulsã",deudor (m)
2243,pjeelu,careto (adj)
1851,nuypejna-,hacer rendir más (v.t)
2609,"shi'ndy- (chji'ndy-), nuychji'ndy-",obscurecer (v.t)
1790,ney npaasa,padrastro (m)
2041,pcal,pecado (m)
932,cviitj-,freír (v.t)
2063,pcyuu-,mal tratar (v.t)
3718,yuwe's apj-,encubrir (v.t)
2197,picas,viga (f)
1593,lengu-,cojear (v.i)
914,cuupjũ'j-,hacer brincar (v.t)
2615,shindyīi-,ser llorón (v.i)
2568,shamb,ombligo (m)
2465,quitj-,clavar (estaca) (v.t)
3783,Kiwe n'is',haberes de la tierra
2061,"pcjacj-, utya-",juntar (v.t)
3706,yuwe ucje'j-,echar la culpa (v.t)
2826,tjacue,grave (adj)
1101,"eeswee, cacue yu'",hemorragia (f)
680,claapjica,clavija (para torcer laso) (f)
769,"cshavyte, cshavysu",entre (prep)
232,bu'ch-,burbujear (v.i)
150,"atj- (jatj-), jyaatj-",vestirse (v.r)
3485,yaatu'j,hacer nido (v.t)
812,cue'sh,"nosotros, nosotras (pron.pers)"
23,"aate, aaga",abiertamente (adv)
3056,tyweteni,suelto (adj)
3566,yash,borrachero (m)
252,caacjimbu'j,hacer desatar (v.t)
195,"bajch-, achãa-",calentarse (v.r)
1569,"lanzh, ñu'py le'chcue",guatín (m)
2774,tandyīi-,girar (v.i)
972,"cyãawe'sh jīi , tyãawe'sh jīi","suyos, suyas (de ellos, ellas) (pron.pos)"
300,caapechcanu'j-,hacer olvidar (v.t)
2919,tu' vi-,opacar (v. i)
2062,pcji'cj-,lavar (loza) (v.it)
1841,nuycatyji-,sanar (v.t)
3399,"wẽeshu-, pcyuuwe'we-",ultrajar (v.t)
3124,ũ'ne-,llorar (v.i)
2930,"tucũ, chī'ch",torcaz pequeño (m)
115,apj,zancudo (m)
1938,ñuty,moco (m)
130,ashnu,asno (m)
1283,ī'cjwe'sh,visiones (f.pl)
3596,ya'yuu-,acontecer (v.impers)
1794,niisa,hija (f)
1661,me'm-,torcer (lazo) (v.t)
339,caaspẽtje'j-,mandar cortar (v.t)
1142,ẽsee-,ponerse liviano (v.i)
2445,quind,peine (m)
1385,ītyī,vivo (adj)
3751,Ikahsa Ec Ne'hwe's',libro mayor de poder
3291,vyuu bej,oro (m)
2917,"tswend-, (rep) tswendu'ndu-",retorcer (v.t)
2849,tjetjẽe,apisonar (v.t)
2904,tsundefy,martingalvis (árbol) (m)
3688,yuuse'je-,dar rasquiña (v.i)
280,caalisa'j-,hacer rezar (v.t)
943,cweechãa-,lavar las manos (v.r)
2810,teech,uno (adj)
3001,tuw,corto  (adj)
1830,nus chjãchja-,arreciar (la lluvia) (v.i)
2391,pũ'we,comilón (adj)
834,cũja-,multiplicar (v.t)
1306,iipe'j,hacerse responsable por otro (v.t)
3520,yaj,amargo (adj)
311,"caapiya'j-, peevya'j- (T)",enseñar (v.t)
2087,peefynicy-,trasladar (v.t)
2799,taw,faja (f)
310,caapi'qui'j-,mandar acompañar (v.t)
3499,ya'ctishi-,detenerse (v.i)
1763,neecaj-,hacer encargo (v.t)
391,cafi'j-,"abrir (hoyo, hueco) (v.t)"
2795,ta'tsu'j-,"torcer, ponerse torcido (v.t)"
141,atate tsẽy,azul celeste
327,caaquindu'j-,hacer peinar (v.t)
1437,ji'pjsa,rico (adj)
1955,paatj,aparar (v.t)
84,alpes,alverja (f)
2219,pinzhi'j,hacer muescas (v.t)
131,at-,cargar (en la mano) (v.t)
2497,quiwendawa,centella (planta) (f)
2429,quīj,"que, ¿qué? (pron)"
206,beca ñusha,chicha dulce
684,claus,clavo (m)
2466,qui'tj,diente (m)
3597,ya'yuu-,suceder (v.impers)
3408,wejcue,leve (adv)
1355,ipy,fuego (m)
2175,pẽ'ts,sudor (m)
3079,ucje'j-,culpar (v.t)
1627,maajũ,de donde
181,aviun cach-,aterrizar (v.i)
68,ãjmẽe,menos (adv)
9,"F'i'n'i pe'la 287 Naa ikahwa' t'utedn'i kiwete' maa maapa peek' iiushu yuuwa' hi'pta', K'awe's' ithásn'ite ma'we ipeyn'i ha'da, Ec Ne'hwe's' mtepa' ikah ha'da. K'a weh'ate na'we yuuwa' hi'pta' hrk : 1. Peek' ne'hwe's'yakh ya'ikahna teiis. 2. Kwekwe's ipa'kac'a' ne'hwe's'a' c'haba's k'tey yuuwa' hi'pta'. 3. Hi'pun'i ikahn'i kwekwetewe's't'i ew thegna, pkhakhn'i v'u u'kasa's ew kaselpina,K'tey K'tey yuuya' ya'tuduya'. 4. C'hab wala kiwete pkhakhn'i v'ua's ipa'kana.","Artículo 287. Las entidades territoriales gozan de autonomía para la gestión de sus intereses, y dentro de los límites de la Constitución y la ley. En tal virtud tendrán los siguientes derechos: 1. Gobernarse por autoridades propias. 2. Ejercer las competencias que les correspondan. 3. Administrar los recursos y establecer los tributos necesarios para el cumplimiento de susfunciones. 4. Participar en las rentas nacionales."
1338,ij fi'nze-,convivir (v.i)
923,cuw,absceso (m)
814,"cue'sh, cue'shjīi","nuestro, nuestra (pron.pos)"
513,"chavy-, (rep) chavi'vi'-",dar un paso (v.i)
2397,"pwel, ã'sh",mafafa (planta) (f)
2146,"pembẽe-, tũchj-",quejarse (emitir quejidos) (v.r)
407,cajcuega,encima de
3377,wecha en,felicidad (f)
1530,jytjãasni,voluntad (f)
624,cja'tya-,dar rejo (v.t)
961,cwe'we'j-,permitir hablar (v.t)
34,acha quiwe,tierra caliente
677,claa chich,carne de res
1649,meeme,higuillo (árbol) (m)
709,cneeyũ īts pullu,tamal de guineo
1332,iiwejch yajcy-,sentir orgulloso (v.i)
3747,Tas'te yuwe dukhsa pkhakhen'¡,reunión de vocero(s) o representante(s) de abajo (cámara baja)
609,cjas wãjyand,ovillo (de hilo de lana) (m)
1560,jyũ'nzh,"bola, forma de (adj)"
2871,tmbi'ch,alchucha (planta) (f)
2595,"shic, shictjẽ'j",áspero (adj)
1126,e'nz,dos (adj)
2834,"tjame yuj , tjaampa', paytjame'",vergonzoso (adj)
2913,tsu'vy,hinchazón (f)
1892,"nyu njī'j, ntsuuts",suegra (f)
190,bagach yujva,jamás (adv)
870,cuse meetjacue,dorso de la mano (m)
117,apj-,cubrir (v.t)
104,anz-,cubrir (con cobija) (v.t)
3656,yupsa,impedimento (m)
428,canzh putasã,olor (fétido)
1738,nasa u'pnimẽe quiwe,desierto (m)
3044,"tylty, tyity le'le",lodo (m)
3208,"ũusacha-, ũuscha-",enojarse (v.r)
988,"cyte, cysu","allá, allí (adv)"
1635,"mama wala, mama lula, neepenzh",abuela (f)
2435,quijyãa-,sobrar (v.i)
3604,yeletjẽ'j,cosquilloso (adj)
2467,quītj,maní (m)
2983,"tũtũu-, pembẽe-",mugir (vaca) (v.i)
976,"cy'chavi'j-, caayu'spẽtje'j-, cyu'spẽtje'j-",hacer tropezar (v.t)
352,caatwaca'j-,hacer cortar (v.t)
2570,shamb wes,cordón umbilical (m)
2193,pẽtyj watse,vena yugular (f)
1257,"fytũ, fytũu tash",árbol (m)
1917,ñus we'we-,lamentar (v.t)
2519,scuba,escoba (f)
732,cpandu'j-,hacer barrer (v.t)
926,cuwe'j-,hacer coger (v.t)
2628,shquiicy,chlcao (ave amarilla) (m)
789,ctyaaja'j-,hacer poner (v.t)
2827,tjacue,peor (adj)
1811,nmi',marido (m)
2250,pju'se'j-,renovar (v.t)
1827,nuqui-,pegarse a (v.r)
39,ãchpcach,hasta ahora
3329,wa'l-,tener pereza (v.i)
909,cutyj dyi'tj ej,maizal (sin mazorca)
2612,"shi'ndy, chji'ndy",abeja (f)
2007,pal,sacerdote (m)
3459,weterra ũs-,estar caído (v.i)
1737,nasa lisa,cada persona
2106,peetjẽ,mejicano (planta) (m)
2839,tjẽeyũu-,durar (v.i)
3201,ũus,germen (parte de la semilla) (m)
2902,tsund,gotera (f)
2406,"pytjaa pang-, aca cnay-",sufrir dolor (v.t)
1214,finze yuu-,hacer fresco (v.i)
1506,jypa'yacy!,cuidado! (interj)
2554,sendy yuu-,volverse mezquino (v.i)
1901,"ñiñ, ñiñcuẽ",pepita (f)
2398,pyacj,hermana con hermana
730,cpa'ja'j,hacer llegar (v.t)
1087,ee,sangre (f)
3099,ujndy-,secarse (v.i)
1664,menz,cola (f)
3197,"uuni cacue, cacue cja'ty",cadáver (m)
3270,vitssu,serranía (f)
2102,peetenzu-,estar apretado (v.t)
2317,pucy,pendiente (subida) (adj)
2040,-pcachja',mientras (adv)
622,cja'ty cu'nd-,curtir (cuero) (v.t)
1615,"luuch u'y, wesacuẽ, wasacuẽ",muchacha (f)
2880,tsam tut-sa,herrero (m)
672,cjya'ndyi'j-,permitir tocar (v.t)
3785,ete Yuwe Dukhsa,"representante, vocero de la cámara alta"
480,cchiiwa'j-,empachar (v.t)
974,cya'ndu'j-,enredar v.t)
1868,nvijt-,dejar (v.t)
2505,saatill,zarco (ojos verdes) (adj)
2873,tpand-,arremangar (v.t)
2552,sende'nde-,enfilarse (v.i)
2988,"tuty jya'ndysa, nasa spaacysa",partera (f)
253,caacjumbe'j-,hacer arrancar (v.t)
586,cjãas,ortiga (planta) (f)
2382,puuty we'we-,platicar (v.i)
556,chu'c h-,mamar (v.i)
3578,yat ta'ng,casa en forma de L
1035,dycjas,cabello (m)
292,caapã'chi'j-,hacer cubrirse (v.t)
27,acaach-,caer encina de (v.t)
1449,julnu,horno (m)
1303,iindy jīi,tuyo (pron.pos)
715,cpaacue'j-,permitir buscar (v.t)
1390,"iw, chull",pene (m)
1528,jytjaacue,desasíado (adv)
1700,mujm,guadua (f)
2715,"sunde-, (rep) sundende-",rasgar (v.t)
1614,"luuch pijts, pitscuẽ, cuẽ",muchacho (m)
2056,pchjī'chi-,lavar la cara (v.t)
2120,pejca,siempre (con seguridad)
180,a'tyji'j-,estornudar (v.t)
1534,jytujnd-,"estar encarcelado, detenido (v.i)"
1504,jypa'ga- (jypa'ca-),recibir (v.t)
2596,shicani,risa (f)
3260,vite cuscuscjẽ,pasado mañana
2622,shlaapũn,eslabón (m)
3247,viits-,echar espigas (v.i)
3140,u'pu-,habitar (v.t)
2644,shũu cjash,mazamorra sin dulce
3335,"wala, iimẽj",muy (adv)
1998,"pa'j-, iipa'j-",llegar (v.i)
878,cuse pi ',brazo (inferior) (m)
681,claatyi,carate (especie de sarna) (m)
1002,cyũusu'j- (cñusu'j-),entristecer (v.t)
2958,tupapwejy,telaraña (f)
2732,susũu-,chorrear (v.i)
3741,nasa kuh hi'pun'it' i'pe'hn'i,manejo de bienes de muchas personas
381,cachu,cacho (m)
1853,nuype'te-,permitir amanecer (v.t)
1323,"íitse'jsa, csinela",cocinera (f)
806,cue quiwe wendy,sabaleta (pez) (f)
3093,"ujca-, ijca, (rep) uca'ca-, iica'ca-",golpear (v.t)
2468,qui'tj caacutyi'j,hacer extraer muela (v.t)
1905,ñunda alcu (T),zorro perro (m)
3645,"yul, yuul",cuenta (f)
540,chinda watse,tendón (del pie)
1177,ewmẽe yaacyni,malicia (f)
2698,squijw-,verter (v.t)
1408,je'ng,paladar (m)
379,cachni,asiento (m)
2335,"pume-, pus-, tende-",tender (v.t)
1682,mityj yuc,fondo de la olla
3366,wãwã mil,miel de abejas
1704,mushclẽ,huarango (árbol) (m)
2817,teesacy,seis (adj)
1750,"na'wẽ, tya'wẽ, cyã'wẽ",así (adv)
854,"cupe, tyi'fy",búho (m)
1855,nuyquite-,hacer florecer (v.t)
1369,isa-,ensayar (v.t)
249,caachji'j-,hacer sentarse (v.t)
2206,piisa-,tallar (v.t)
1107,"ejme, ejmejme",corriente (del río) (m)
2521,scuupy-,mudar la piel (culebra) (v.i)
1736,nasa ji'pjsa,embarazada (encinta) (adj)
1072,"dyuus tata, neeney",padrino (m)
2151,pendãa-,enterrar (v.t)
905,cutyj bej,maíz común
3070,ucapajcy-,rempujar (v.t)
899,"cu'ta, bap (J), bamba (T)",hombro (m)
2523,scuutyj ej,trigal (m)
2672,"smejme, tsmejme",mariposa (f)
3085,"ufy-, (rep) ufyjiifi-",chiflar (v.i)
1062,dyi'p,cara (f)
2648,shuuna' me'p!,silencio! (interj)
1523,jysũutj- (fysũutj- T),esconderse (v.r)
942,cwa'lu'j-,hacer tener pereza (v.t)
2797,taul,ataúd (m)
1804,njī'j npaasa,madrastra (f)
1746,na'wẽ,"como, lo mismo que (adv)"
431,capia,chivo (m)
3598,ye'ch,retoño (m)
918,"cuutya'j-, nuyutya-",acercar (v.t)
754,"cpunga'j wee, punga wee",colerín (m)
3278,vyaa-,aparecer (v.i)
2806,tecj us,tres veces
2242,pjaterra u'p-,estar abierto (v.i)
2296,ptjãawe-,hacer daño a una persona (v.t)
2668,slluj,chlguaco (ave) (m)
1611,luuch deeñi wej (T),hamaca (f)
1822,ntundy-,beber lo ajeno
2783,taqui'nisa,domesticado (p.p)
3235,u'y pyacj,concuñada (f)
928,cuy-,mirar (adentro) (v.t)
3414,weji-,endurecerse (v.i)
230,bu'ch,espuma (f)
2788,tashte,delante de (adv)
601,cjaquima,jáquima (f)
1153,"e'ste u'j-, e'ste yuj-",seguir  (v.i)
3114,ulñi'ñ,curíbano (planta) (m)
2936,tujmete,en seco
1448,jueves,jueves (m)
844,culu-,acogollar (v.i)
1286,i'cue'sh,ustedes
1197,fīi-,marchitar (v.t)
1239,fiycãj-,estar desalentado (v.i)
1605,lucjlucj jī-,cloquear (gallinas) (v.i)
631,"cjẽendyi'j, jycjẽendyi'j (lit. camino de tragar)",esófago (m)
3186,ũuchcue,un rato
2555,sepu,sebo (m)
1,"F'¡'n'i pe'la 2. Naa c'hab wala kiwete npicthé'we's'a' nasa hu'ghu ya'yaak'n'i's K'tey yuuna h'ukaysat'i nwe'we hi'pta': c'hab wala h'ukay wét iiskiwe'n'isuma'kyuu, h'ukaysahitewe's'ma'kyuu, ipeyni'ma't'yuu, pkhakhec'a ius ki'pn'isuma'kyuu, kwe's' kusesu fiin fiin atn'i'tfima't'yuu, naa c'hab wala kiwete kimyuhpa v'ite c'hab wala kiwehuwe's' kuc'","Artículo 2. Son fines esenciales del Estado: servir a la comunidad, promover la prosperidad general y garantizar la efectividad de los principios, derechos y deberes consagrados en la Constitución; facilitar la participación de todos en las decisiones que los afecta en la vida económica, política, administrativa y cultural de la Nación; defender la independencia nacional, mantener la integridad territorial y asegurar la convivencia pacífica y la vigencia de un orden justo."
1312,īis-,poner falda (v.t)
1945,paandeesa,huésped (m)
2754,tãapj,neblina (f)
3707,yuwe ũs-,quejarse (acusar a otro) (v.r)
2524,scuutyj shũsh-,restregar (v.t)
3465,we'weni,voz (f)
2651,shuuna' vit-,callar (v.t)
946,cweejya'j-,abanicar (v.t)
79,"ajtse-, dyī'wẽje-",menospreciar (v.t)
2924,"tucha'cy, cha'cy",cuchara (f)
49,"acy, a'cjy (T)",macana (para cavar) (f)
19,ãandyijimẽe,obligatoriamente (adj)
771,csha'w-,soñar (v.t)
1985,pã'cj,sarapanga (semilla que vuelve a dar después de cosechado) (f)
3627,yu'cj tumb,paloma silvestre
3792,ya'nwewen'i,recurrir en alguna de las forma de protección
1021,ducj-,entregar (v.t)
1069,Dyus yuwe,Palabra de Dios
3693,yuuwesa,culpable (adj.)
725,cpaatjeng-,lograr airar (v.t)
73,ãjsa,capaz (adj)
3716,yũ'wẽesa,sediento (adj)
1903,ñun-,dar fruto (v.i)
1133,ẽs,piojo (m)
1348,"ī'nẽe, ī'nrráa",sin motivo (adv)
3462,wẽtwẽt,alegre (adj)
2036,payu,bayo (adj)
200,bats ej,cabuyal (m)
3464,we'weni,habla (f)
748,cpi'sh quīj-,caer rayo (v.i)
1131,e'nztewe'sh,segundo (adj)
804,"cuchi-, ya'cuchi-",aburrirse (v.r)
2400,pyaj tse-,aborrecer (aversión a la comida) (v.t)
3082,ũ'cue jīi,mí a (adj. pos)
2684,spajcy-,descargar (v.t)
3002,tuya,enrazada (animal) (adj)
227,blal,umbral (m)
355,caau'ju-,hacer andar (v.t)
2618,"shish-, (rep) shishi'shi-",rajarse (v.r)
1930,ñusha'j-,endulzar (v.t)
1276,īcj,charco (m)
35,acha yuu-,hacer calor (v.i)
2179,petsete-,hender (v.t)
3064,ũ-,alimento (m)
3134,"upj-, (rep) ũpjũupj-",brincar (v.i)
2221,pi'py,paja brava (planta) (f)
499,cha'cy-,enfadarse (v.t)
1222,finzha,codo (m)
1557,jyu'jmeecue,breve (adv)
86,alum,lobo (m)
750,cpjãaja'jni,tos (f)
113,ape,zapallo (m)
2113,"peetsujts, ntsuuts",tía (hermana del papá) (f)
3087,u'j-,"ir, irse (v .i)"
563,chucha cu'jni,baile de la chucha
2032,pa'ya-,llamar (v.t)
3146,us,riñón (m)
856,cupjat-,meter (cosa gruesa) (v.t)
3138,"u'pni, ũsni",morada (f)
1450,jũ'na aañu,año pasado
2264,pniisa,hija con el padre o la madre
1848,nuyle'chi-,reducir (v.t)
1325,iiwajca-,cortarse (el pelo) (v.t)
3439,"wenzh-, (rep) wenzhi'nzh-",arrastrar (v.t)
1189,ewte neeyũu- (lit. quedar en bien),ser salvo (v.i)
78,"ajtse-, atseyajcy-, weech-",despreciar (v.t)
1668,mercau,mercado (m)
3391,wee,peste (f)
751,cpjãja'j-,hacer toser (v.t)
151,atjni,vestido (m)
3668,yutj-,prender (leña) (v.i)
2452,qui's-,"guardar dieta, o día de fiesta (v.t)"
